timestamp,RECORD,TcRafat_Avg(1),TcRafat_Avg(2),TcRafat_Avg(3),TcRafat_Avg(4),TcRafat_Avg(5),TcRafat_Avg(6)
2022-01-14 00:00:00,60895,9.129298,9.074259,9.168332,9.214431,,20.73826
2022-01-14 00:03:00,60898,9.139197,9.148417,9.171946,9.321379,,20.75425
2022-01-14 00:04:00,60899,9.174654,9.091196,9.207354,9.404073,,20.75479
2022-01-14 00:05:00,60900,9.166805,9.141511,9.275607,9.186084,,20.7431
2022-01-14 00:06:00,60901,9.172857,9.21045,9.013716,9.200185,,20.7492
2022-01-14 00:07:00,60902,9.406298,9.280051,9.167518,9.306277,,20.74728
2022-01-14 00:08:00,60903,9.472739,9.404255,9.23435,9.160919,,20.74277
2022-01-14 00:09:00,60904,9.485703,9.448542,9.167615,9.200842,,20.75759
2022-01-14 00:10:00,60905,9.510106,9.495587,9.175951,9.284553,,20.73474
2022-01-14 00:11:00,60906,9.534917,9.422963,9.239604,9.137778,,20.76431
2022-01-14 00:12:00,60907,9.546033,9.419842,9.226009,9.08653,,20.77192
2022-01-14 00:13:00,60908,9.541895,9.501315,9.162541,9.244418,,20.73032
2022-01-14 00:14:00,60909,9.557407,9.424806,9.149152,9.189331,,20.76266
2022-01-14 00:15:00,60910,9.320981,9.268314,9.201558,9.182709,,20.75787
2022-01-14 00:16:00,60911,9.253615,9.162002,9.233931,9.152309,,20.75261
2022-01-14 00:17:00,60912,9.23093,9.150521,9.17596,9.156941,,20.76633
2022-01-14 00:18:00,60913,9.221539,9.180006,9.252425,9.125063,,20.76347
2022-01-14 00:19:00,60914,9.217151,9.182878,9.132711,9.171295,,20.73318
2022-01-14 00:20:00,60915,9.209087,9.267788,9.199085,9.067204,,20.77996
2022-01-14 00:21:00,60916,9.2112,9.265042,9.264119,9.240682,,20.75332
2022-01-14 00:22:00,60917,9.213071,9.220118,9.165905,9.152251,,20.76081
2022-01-14 00:23:00,60918,9.23563,9.212505,9.215575,9.212198,,20.76719
2022-01-14 00:24:00,60919,9.202435,9.233708,9.259645,9.246509,,20.73507
2022-01-14 00:25:00,60920,9.21931,9.246843,9.286402,9.177887,,20.74817
2022-01-14 00:26:00,60921,9.253703,9.125288,9.50708,9.177027,,20.75319
2022-01-14 00:27:00,60922,9.227702,9.195405,9.475956,9.528948,,20.744
2022-01-14 00:28:00,60923,9.208465,9.24904,9.557184,9.472898,,20.76114
2022-01-14 00:29:00,60924,9.241934,9.199325,9.634775,9.616293,,20.76209
2022-01-14 00:30:00,60925,9.237037,9.18977,9.506766,9.494542,,20.73843
2022-01-14 00:31:00,60926,9.209705,9.134022,9.529809,9.688542,,20.74258
2022-01-14 00:32:00,60927,9.192564,9.087703,9.638327,9.522198,,20.76711
2022-01-14 00:33:00,60928,9.182086,9.140764,9.530255,9.661458,,20.75352
2022-01-14 00:34:00,60929,9.143368,9.099845,9.52901,9.595594,,20.76621
2022-01-14 00:35:00,60930,9.143143,9.164025,9.317251,9.019522,,20.76107
2022-01-14 00:36:00,60931,9.171355,8.912429,9.088029,9.09884,,20.80491
2022-01-14 00:37:00,60932,9.128673,9.025176,8.989048,9.016915,,20.73027
2022-01-14 00:38:00,60933,9.056788,8.968706,8.983921,9.029131,,20.77668
2022-01-14 00:39:00,60934,9.044983,8.969721,9.158796,9.202335,,20.77596
2022-01-14 00:40:00,60935,9.023058,9.007342,9.094424,8.987101,,20.77373
2022-01-14 00:41:00,60936,9.044246,8.827922,8.982916,9.212999,,20.78849
2022-01-14 00:42:00,60937,8.972012,8.954508,9.447449,8.886438,,20.82677
2022-01-14 00:43:00,60938,9.012608,8.992313,8.784474,8.930381,,20.72962
2022-01-14 00:44:00,60939,8.975715,8.913358,8.902754,9.123401,,20.77481
2022-01-14 00:45:00,60940,8.888225,8.957373,8.94492,8.618991,,20.72781
2022-01-14 00:46:00,60941,8.92134,8.761906,8.828671,9.020842,,20.7659
2022-01-14 00:47:00,60942,8.889224,8.661304,9.262457,9.182071,,20.81857
2022-01-14 00:48:00,60943,8.880059,8.814441,8.791563,8.899717,,20.7613
2022-01-14 00:49:00,60944,8.848583,8.837914,8.55225,8.850348,,20.69727
2022-01-14 00:50:00,60945,8.84516,8.787157,8.339839,8.889175,,20.69205
2022-01-14 00:51:00,60946,8.794338,8.852573,8.57866,8.701945,,20.69445
2022-01-14 00:52:00,60947,8.776114,8.781302,8.751436,8.719839,,20.73147
2022-01-14 00:53:00,60948,8.750932,8.586596,8.622816,8.923226,,20.73095
2022-01-14 00:54:00,60949,8.776761,8.818292,8.368563,8.653642,,20.67936
2022-01-14 00:55:00,60950,8.773641,8.777324,8.452167,8.760284,,20.72939
2022-01-14 00:56:00,60951,8.703254,8.568857,8.812539,8.948537,,20.76959
2022-01-14 00:57:00,60952,8.694818,8.693219,8.852988,8.665755,,20.75466
2022-01-14 00:58:00,60953,8.728641,8.694113,8.724204,8.649792,,20.75042
2022-01-14 00:59:00,60954,8.764105,8.59427,8.582417,8.907953,,20.75236
2022-01-14 01:00:00,60955,8.699194,8.681323,9.094135,8.858857,,20.79563
2022-01-14 01:03:00,60958,8.771592,8.688967,8.843752,8.760908,,20.76452
2022-01-14 01:04:00,60959,8.738894,8.723646,8.803042,8.829141,,20.77543
2022-01-14 01:05:00,60960,8.766437,8.745647,8.624231,8.737098,,20.75134
2022-01-14 01:06:00,60961,8.799845,8.780428,8.624167,8.719193,,20.74482
2022-01-14 01:07:00,60962,9.001084,8.984683,8.979523,8.69766,,20.77834
2022-01-14 01:08:00,60963,9.117489,8.947327,8.787034,8.931853,,20.74709
2022-01-14 01:09:00,60964,9.109659,9.059324,8.784783,8.684793,,20.74986
2022-01-14 01:10:00,60965,9.148374,8.996267,8.839335,8.788435,,20.75953
2022-01-14 01:11:00,60966,9.134851,8.991405,8.758862,8.66945,,20.75858
2022-01-14 01:12:00,60967,9.153749,9.059949,8.69202,8.795188,,20.74683
2022-01-14 01:13:00,60968,9.159005,9.067661,8.686552,8.813787,,20.73868
2022-01-14 01:14:00,60969,9.160029,9.017004,8.629367,8.688663,,20.75237
2022-01-14 01:15:00,60970,8.828716,8.763835,8.797185,8.541214,,20.75786
2022-01-14 01:16:00,60971,8.740252,8.601106,8.641329,8.797987,,20.75117
2022-01-14 01:17:00,60972,8.699027,8.563282,8.529049,8.812507,,20.75134
2022-01-14 01:18:00,60973,8.644465,8.573633,8.810733,8.791381,,20.77798
2022-01-14 01:19:00,60974,8.683393,8.607836,8.637983,8.702682,,20.74421
2022-01-14 01:20:00,60975,8.64896,8.620009,8.622663,8.68856,,20.75877
2022-01-14 01:21:00,60976,8.672814,8.54111,8.511404,8.815577,,20.75389
2022-01-14 01:22:00,60977,8.643466,8.57503,8.757543,8.661364,,20.77424
2022-01-14 01:23:00,60978,8.641144,8.551429,8.6629,8.7234,,20.76906
2022-01-14 01:24:00,60979,8.656721,8.609959,8.539559,8.710996,,20.74267
2022-01-14 01:25:00,60980,8.681898,8.636622,8.403327,8.824429,,20.72185
2022-01-14 01:26:00,60981,8.662944,8.526884,8.614147,8.768559,,20.75983
2022-01-14 01:27:00,60982,8.636114,8.638476,9.032865,8.934416,,20.74184
2022-01-14 01:28:00,60983,8.621353,8.660001,9.28583,8.762164,,20.75364
2022-01-14 01:29:00,60984,8.667827,8.519874,8.966809,9.277056,,20.7566
2022-01-14 01:30:00,60985,8.673313,8.630298,8.967731,9.049865,,20.74524
2022-01-14 01:31:00,60986,8.662072,8.801355,9.142861,8.902552,,20.74755
2022-01-14 01:32:00,60987,8.64839,9.058271,9.286452,8.598206,,20.73678
2022-01-14 01:33:00,60988,8.712701,8.718534,8.88097,9.065022,,20.71617
2022-01-14 01:34:00,60989,8.683749,8.790598,9.229532,8.865819,,20.76882
2022-01-14 01:35:00,60990,8.712646,8.668021,8.788086,8.83057,,20.76917
2022-01-14 01:36:00,60991,8.728719,8.537341,8.551172,8.976834,,20.77295
2022-01-14 01:37:00,60992,8.725317,8.74076,8.621181,8.711199,,20.73526
2022-01-14 01:38:00,60993,8.703768,8.517337,8.942678,8.927428,,20.80648
2022-01-14 01:39:00,60994,8.71661,8.638334,8.975404,8.952755,,20.78494
2022-01-14 01:40:00,60995,8.78613,8.861509,8.551341,8.697535,,20.70129
2022-01-14 01:41:00,60996,8.689033,8.882965,9.107391,8.465528,,20.77327
2022-01-14 01:42:00,60997,8.713365,8.816504,8.986289,8.595617,,20.76967
2022-01-14 01:43:00,60998,8.688339,8.918903,8.952955,8.449618,,20.74483
2022-01-14 01:44:00,60999,8.746778,8.656272,8.762573,8.791024,,20.75088
2022-01-14 01:45:00,61000,8.755581,8.628656,8.611986,8.854007,,20.71873
2022-01-14 01:46:00,61001,8.736601,8.773073,8.87701,8.785254,,20.75236
2022-01-14 01:47:00,61002,8.718246,8.730555,8.903894,8.693163,,20.75343
2022-01-14 01:48:00,61003,8.730948,8.696712,8.706528,8.847042,,20.73072
2022-01-14 01:49:00,61004,8.736238,8.636806,8.548004,8.827774,,20.71966
2022-01-14 01:50:00,61005,8.737108,8.732591,8.614131,8.669981,,20.72595
2022-01-14 01:51:00,61006,8.696241,8.767773,8.784572,8.623229,,20.73523
2022-01-14 01:52:00,61007,8.69105,8.775713,8.913735,8.554812,,20.75498
2022-01-14 01:53:00,61008,8.722335,8.620193,8.700276,8.89615,,20.7558
2022-01-14 01:54:00,61009,8.73293,8.59584,8.769225,8.856545,,20.74399
2022-01-14 01:55:00,61010,8.710799,8.605678,8.875809,8.9029,,20.77197
2022-01-14 01:56:00,61011,8.750854,8.759156,8.402693,8.749554,,20.68902
2022-01-14 01:57:00,61012,8.705939,8.729554,8.954405,8.780822,,20.77561
2022-01-14 01:58:00,61013,8.72885,8.425567,8.72682,8.966387,,20.77046
2022-01-14 01:59:00,61014,8.678835,8.639018,8.758166,8.683483,,20.74258
2022-01-14 02:00:00,61015,8.596215,8.570243,8.793949,8.620425,,20.76465
2022-01-14 02:03:00,61018,8.451811,8.373115,8.385171,8.510571,,20.73045
2022-01-14 02:04:00,61019,8.400201,8.464902,8.543012,8.363697,,20.75484
2022-01-14 02:05:00,61020,8.350798,8.4138,8.568065,8.399433,,20.75193
2022-01-14 02:06:00,61021,8.38176,8.334721,8.200212,8.02016,,20.71429
2022-01-14 02:07:00,61022,8.715124,8.647345,8.310514,8.287496,,20.72965
2022-01-14 02:08:00,61023,8.74325,8.697471,8.277162,8.379668,,20.72784
2022-01-14 02:09:00,61024,8.807089,8.649861,8.24682,8.511735,,20.73722
2022-01-14 02:10:00,61025,8.760612,8.646139,8.442241,8.402175,,20.75386
2022-01-14 02:11:00,61026,8.791938,8.498483,8.240856,8.483079,,20.75076
2022-01-14 02:12:00,61027,8.821237,8.51777,8.043849,8.748385,,20.72959
2022-01-14 02:13:00,61028,8.79985,8.688368,8.177581,8.325197,,20.72801
2022-01-14 02:14:00,61029,8.787294,8.60613,8.211893,8.627956,,20.74678
2022-01-14 02:15:00,61030,8.502776,8.596038,8.497915,8.200806,,20.7451
2022-01-14 02:16:00,61031,8.475505,8.470763,8.321252,8.317774,,20.73643
2022-01-14 02:17:00,61032,8.481353,8.373145,8.547252,8.588876,,20.76862
2022-01-14 02:18:00,61033,8.483775,8.527701,8.574709,8.600955,,20.74734
2022-01-14 02:19:00,61034,8.45987,8.669086,8.643274,8.237844,,20.74819
2022-01-14 02:20:00,61035,8.496544,8.507925,8.614526,8.591813,,20.75787
2022-01-14 02:21:00,61036,8.537809,8.403704,8.385399,8.668028,,20.74844
2022-01-14 02:22:00,61037,8.516642,8.410451,8.571171,8.743597,,20.76445
2022-01-14 02:23:00,61038,8.517058,8.473502,8.564724,8.618062,,20.73971
2022-01-14 02:24:00,61039,8.529725,8.5253,8.452848,8.582339,,20.72211
2022-01-14 02:25:00,61040,8.499717,8.477843,8.447459,8.532473,,20.74018
2022-01-14 02:26:00,61041,8.490619,8.323871,8.309819,8.698521,,20.75853
2022-01-14 02:27:00,61042,8.479799,8.443723,8.639808,8.801593,,20.74179
2022-01-14 02:28:00,61043,8.348011,8.383947,8.956712,8.672565,,20.73781
2022-01-14 02:29:00,61044,8.114774,8.145967,8.957803,8.707446,,20.73552
2022-01-14 02:30:00,61045,8.060072,8.050591,8.621408,8.711446,,20.71609
2022-01-14 02:31:00,61046,7.972872,7.947636,8.752304,8.790094,,20.73681
2022-01-14 02:32:00,61047,7.881723,7.843306,8.604023,8.835292,,20.72974
2022-01-14 02:33:00,61048,7.782748,7.773483,8.61062,8.681799,,20.72179
2022-01-14 02:34:00,61049,7.716089,7.685038,8.607332,8.63422,,20.74743
2022-01-14 02:35:00,61050,7.687746,7.578506,7.838972,7.703232,,20.75112
2022-01-14 02:36:00,61051,7.689812,7.663358,7.621825,7.76225,,20.72557
2022-01-14 02:37:00,61052,7.631319,7.731507,7.734357,7.50578,,20.73384
2022-01-14 02:38:00,61053,7.648801,7.73561,7.757598,7.536346,,20.7174
2022-01-14 02:39:00,61054,7.613515,7.661226,7.799596,7.7049,,20.76355
2022-01-14 02:40:00,61055,7.608248,7.72417,7.865349,7.676666,,20.7498
2022-01-14 02:41:00,61056,7.603718,7.641244,7.754471,7.560651,,20.74422
2022-01-14 02:42:00,61057,7.626744,7.487304,7.557783,7.804588,,20.74447
2022-01-14 02:43:00,61058,7.595407,7.64807,7.77648,7.627208,,20.74444
2022-01-14 02:44:00,61059,7.56257,7.7123,7.946134,7.727248,,20.77707
2022-01-14 02:45:00,61060,7.610071,7.566122,7.575853,7.668805,,20.73409
2022-01-14 02:46:00,61061,7.594913,7.473274,7.533143,7.82003,,20.7668
2022-01-14 02:47:00,61062,7.563835,7.596853,7.731818,7.5561,,20.73936
2022-01-14 02:48:00,61063,7.548378,7.522655,7.775434,7.817683,,20.76805
2022-01-14 02:49:00,61064,7.573127,7.542215,7.633149,7.87792,,20.77228
2022-01-14 02:50:00,61065,7.618287,7.470046,7.54717,8.031771,,20.72981
2022-01-14 02:51:00,61066,7.626895,7.474118,7.459246,7.823088,,20.72785
2022-01-14 02:52:00,61067,7.600088,7.610698,7.508924,7.498726,,20.6874
2022-01-14 02:53:00,61068,7.569764,7.709463,7.672515,7.256004,,20.68069
2022-01-14 02:54:00,61069,7.592294,7.509311,7.49985,7.828901,,20.73752
2022-01-14 02:55:00,61070,7.565227,7.555724,7.733212,7.686491,,20.74253
2022-01-14 02:56:00,61071,7.569468,7.523213,7.697276,7.676116,,20.75912
2022-01-14 02:57:00,61072,7.614551,7.564432,7.51518,7.537195,,20.70242
2022-01-14 02:58:00,61073,7.587732,7.43452,7.633594,7.724999,,20.74961
2022-01-14 02:59:00,61074,7.611602,7.496711,7.431397,7.725487,,20.69358
2022-01-14 03:00:00,61075,7.550319,7.569811,7.619308,7.438195,,20.70295
2022-01-14 03:03:00,61078,7.497366,7.451615,7.397659,7.595967,,20.68217
2022-01-14 03:04:00,61079,7.378012,7.433422,7.577986,7.52473,,20.72628
2022-01-14 03:05:00,61080,7.317549,7.298839,7.34542,7.308159,,20.69708
2022-01-14 03:06:00,61081,7.321767,7.391518,7.421704,7.297565,,20.70321
2022-01-14 03:07:00,61082,7.57426,7.597144,7.424972,7.33198,,20.69382
2022-01-14 03:08:00,61083,7.646216,7.576211,7.25453,7.444804,,20.63006
2022-01-14 03:09:00,61084,7.678708,7.562195,7.285889,7.433434,,20.69082
2022-01-14 03:10:00,61085,7.627541,7.523854,7.429222,7.530643,,20.74681
2022-01-14 03:11:00,61086,7.662668,7.61288,7.263413,7.280636,,20.69637
2022-01-14 03:12:00,61087,7.623264,7.593629,7.429759,7.194208,,20.68246
2022-01-14 03:13:00,61088,7.671586,7.560912,7.396295,7.203086,,20.73707
2022-01-14 03:14:00,61089,7.654712,7.616148,7.503845,7.414251,,20.76667
2022-01-14 03:15:00,61090,7.445683,7.340021,7.417411,7.327553,,20.74865
2022-01-14 03:16:00,61091,7.32232,7.457624,7.633016,7.295763,,20.77501
2022-01-14 03:17:00,61092,7.340229,7.49241,7.512095,7.082512,,20.73326
2022-01-14 03:18:00,61093,7.363271,7.454269,7.573267,7.242347,,20.74723
2022-01-14 03:19:00,61094,7.374774,7.441794,7.412113,7.388926,,20.72242
2022-01-14 03:20:00,61095,7.39756,7.384158,7.215958,7.624525,,20.70617
2022-01-14 03:21:00,61096,7.350791,7.27119,7.471333,7.577208,,20.75743
2022-01-14 03:22:00,61097,7.348083,7.305792,7.460208,7.355593,,20.7347
2022-01-14 03:23:00,61098,7.365971,7.334064,7.523434,7.559461,,20.76009
2022-01-14 03:24:00,61099,7.346803,7.38691,7.332502,7.215864,,20.68013
2022-01-14 03:25:00,61100,7.384071,7.285501,7.442675,7.49351,,20.7244
2022-01-14 03:26:00,61101,7.389468,7.330614,7.248411,7.523102,,20.69034
2022-01-14 03:27:00,61102,7.431968,7.385046,7.456409,7.644634,,20.66983
2022-01-14 03:28:00,61103,7.470552,7.451576,7.599312,7.760565,,20.69076
2022-01-14 03:29:00,61104,7.475488,7.435464,7.56098,7.720325,,20.67126
2022-01-14 03:30:00,61105,7.478566,7.572402,7.894586,7.72041,,20.7442
2022-01-14 03:31:00,61106,7.471938,7.579156,8.109156,7.629911,,20.75977
2022-01-14 03:32:00,61107,7.561139,7.364045,7.56912,8.044109,,20.71415
2022-01-14 03:33:00,61108,7.595259,7.362991,7.764245,8.114446,,20.77583
2022-01-14 03:34:00,61109,7.563341,7.625579,7.853339,7.650038,,20.71103
2022-01-14 03:35:00,61110,7.577873,7.582848,7.750258,7.805602,,20.76499
2022-01-14 03:36:00,61111,7.573003,7.592327,7.599173,7.650233,,20.72908
2022-01-14 03:37:00,61112,7.610227,7.616577,7.4733,7.545364,,20.68913
2022-01-14 03:38:00,61113,7.595207,7.693012,7.753167,7.589754,,20.74567
2022-01-14 03:39:00,61114,7.603989,7.711991,7.866487,7.489779,,20.7908
2022-01-14 03:40:00,61115,7.619803,7.569827,7.662949,7.674461,,20.72647
2022-01-14 03:41:00,61116,7.663249,7.563349,7.531894,7.832419,,20.70671
2022-01-14 03:42:00,61117,7.637185,7.530401,7.589042,7.716541,,20.71665
2022-01-14 03:43:00,61118,7.609096,7.587155,7.768051,7.846105,,20.73944
2022-01-14 03:44:00,61119,7.624898,7.593382,7.627177,7.772167,,20.72364
2022-01-14 03:45:00,61120,7.612167,7.763585,7.755753,7.374833,,20.71309
2022-01-14 03:46:00,61121,7.644855,7.536371,7.672647,7.854162,,20.72605
2022-01-14 03:47:00,61122,7.624197,7.652496,7.824341,7.6197,,20.75599
2022-01-14 03:48:00,61123,7.659525,7.583065,7.612578,7.820719,,20.72477
2022-01-14 03:49:00,61124,7.633021,7.662038,7.662024,7.689185,,20.72878
2022-01-14 03:50:00,61125,7.61988,7.572752,7.377921,7.776535,,20.67814
2022-01-14 03:51:00,61126,7.591989,7.778033,7.635742,7.185133,,20.75439
2022-01-14 03:52:00,61127,7.625331,7.663648,7.770815,7.708007,,20.75164
2022-01-14 03:53:00,61128,7.602766,7.683593,7.613848,7.485065,,20.73309
2022-01-14 03:54:00,61129,7.708746,7.63403,7.935997,7.581635,,20.74385
2022-01-14 03:55:00,61130,7.695266,7.557538,7.782677,7.898806,,20.70386
2022-01-14 03:56:00,61131,7.651988,7.811121,7.816282,7.658455,,20.74906
2022-01-14 03:57:00,61132,7.637346,7.62198,7.657571,7.636807,,20.70912
2022-01-14 03:58:00,61133,7.655124,7.701779,7.982021,7.616375,,20.70818
2022-01-14 03:59:00,61134,7.675563,7.621978,7.727516,7.785503,,20.70871
2022-01-14 04:00:00,61135,7.647174,7.638498,7.532458,7.760926,,20.69572
2022-01-14 04:03:00,61138,7.66497,7.718089,7.688885,7.633236,,20.70291
2022-01-14 04:04:00,61139,7.617553,7.761938,7.743138,7.728642,,20.71262
2022-01-14 04:05:00,61140,7.699281,7.741657,7.7479,7.659198,,20.70687
2022-01-14 04:06:00,61141,7.746913,7.744888,7.729846,7.906713,,20.72222
2022-01-14 04:07:00,61142,7.963178,7.91456,7.778639,7.79895,,20.72406
2022-01-14 04:08:00,61143,8.045813,7.852176,7.539472,7.909857,,20.6729
2022-01-14 04:09:00,61144,8.045224,7.91931,7.741057,7.798562,,20.72519
2022-01-14 04:10:00,61145,8.083804,7.980332,7.947323,7.756308,,20.7359
2022-01-14 04:11:00,61146,8.062323,7.951426,7.858223,7.82936,,20.75102
2022-01-14 04:12:00,61147,8.055796,8.181186,7.751681,7.634051,,20.69925
2022-01-14 04:13:00,61148,8.134632,8.055548,7.852605,7.760092,,20.71582
2022-01-14 04:14:00,61149,8.105631,8.00676,7.896024,7.755949,,20.7389
2022-01-14 04:15:00,61150,7.870857,7.746422,7.675881,7.91584,,20.69856
2022-01-14 04:16:00,61151,7.802538,7.79313,7.836948,7.840312,,20.729
2022-01-14 04:17:00,61152,7.752462,7.746145,7.748677,7.737059,,20.71464
2022-01-14 04:18:00,61153,7.791337,7.676806,7.87868,8.006709,,20.72912
2022-01-14 04:19:00,61154,7.746523,7.656301,7.573053,7.98275,,20.68237
2022-01-14 04:20:00,61155,7.718049,7.71373,7.577038,7.829115,,20.68434
2022-01-14 04:21:00,61156,7.731318,7.787353,7.796914,7.690896,,20.71261
2022-01-14 04:22:00,61157,7.725455,7.690592,7.685182,7.936016,,20.69798
2022-01-14 04:23:00,61158,7.722067,7.97948,7.941594,7.305558,,20.72511
2022-01-14 04:24:00,61159,7.697403,7.944865,7.912927,7.36257,,20.71347
2022-01-14 04:25:00,61160,7.689038,7.603062,7.454295,7.721732,,20.69319
2022-01-14 04:26:00,61161,7.648292,7.726458,7.529177,7.581478,,20.66854
2022-01-14 04:27:00,61162,7.676146,7.768672,8.252955,7.851602,,20.73879
2022-01-14 04:28:00,61163,7.670259,7.675448,8.256976,8.06154,,20.73906
2022-01-14 04:29:00,61164,7.670321,7.601383,7.991985,8.105143,,20.70022
2022-01-14 04:30:00,61165,7.648975,7.787242,8.209772,7.742317,,20.72271
2022-01-14 04:31:00,61166,7.668729,7.695882,8.053966,8.067751,,20.70508
2022-01-14 04:32:00,61167,7.678323,7.642957,8.081967,8.052294,,20.71233
2022-01-14 04:33:00,61168,7.652313,7.573852,7.838274,8.327659,,20.68664
2022-01-14 04:34:00,61169,7.646772,7.741738,8.299147,7.739237,,20.72594
2022-01-14 04:35:00,61170,7.626825,7.693515,7.671633,7.655577,,20.70388
2022-01-14 04:36:00,61171,7.653276,7.636998,7.764021,7.925195,,20.71983
2022-01-14 04:37:00,61172,7.645055,7.695073,7.765117,7.574002,,20.71677
2022-01-14 04:38:00,61173,7.642613,7.798292,7.862526,7.366003,,20.73384
2022-01-14 04:39:00,61174,7.664728,7.539191,7.62094,7.779519,,20.67682
2022-01-14 04:40:00,61175,7.670663,7.443694,7.622378,8.090146,,20.70965
2022-01-14 04:41:00,61176,7.61907,7.62673,7.743254,7.883893,,20.72096
2022-01-14 04:42:00,61177,7.676635,7.49109,7.799207,7.90057,,20.72524
2022-01-14 04:43:00,61178,7.614989,7.588638,7.605266,7.84739,,20.69314
2022-01-14 04:44:00,61179,7.609976,7.715525,7.7172,7.517585,,20.74211
2022-01-14 04:45:00,61180,7.672461,7.496694,7.830618,7.972337,,20.72968
2022-01-14 04:46:00,61181,7.644695,7.557777,7.367038,7.857027,,20.67148
2022-01-14 04:47:00,61182,7.616709,7.647973,7.569023,7.532515,,20.71141
2022-01-14 04:48:00,61183,7.619884,7.617698,7.759224,7.635823,,20.72084
2022-01-14 04:49:00,61184,7.621455,7.617661,7.543268,7.599324,,20.70642
2022-01-14 04:50:00,61185,7.592536,7.688426,7.928995,7.482775,,20.75147
2022-01-14 04:51:00,61186,7.577445,7.578361,7.713905,7.555903,,20.70984
2022-01-14 04:52:00,61187,7.526112,7.74932,7.77334,7.376572,,20.72994
2022-01-14 04:53:00,61188,7.553329,7.532908,7.835692,7.708697,,20.72885
2022-01-14 04:54:00,61189,7.575786,7.50454,7.757038,7.906798,,20.70577
2022-01-14 04:55:00,61190,7.55925,7.454731,7.604082,7.570165,,20.70626
2022-01-14 04:56:00,61191,7.479114,7.646263,7.76052,7.367221,,20.71593
2022-01-14 04:57:00,61192,7.55649,7.365762,7.609202,7.782808,,20.71681
2022-01-14 04:58:00,61193,7.513481,7.489453,7.496884,7.583175,,20.68706
2022-01-14 04:59:00,61194,7.492414,7.583658,7.701455,7.38367,,20.71977
2022-01-14 05:00:00,61195,7.482028,7.456703,7.468083,7.574237,,20.68033
2022-01-14 05:03:00,61198,7.452857,7.405441,7.355531,7.504856,,20.68741
2022-01-14 05:04:00,61199,7.440801,7.399575,7.355408,7.551826,,20.68591
2022-01-14 05:05:00,61200,7.39649,7.297435,7.305277,7.466915,,20.69087
2022-01-14 05:06:00,61201,7.443512,7.437322,7.424768,7.50918,,20.67897
2022-01-14 05:07:00,61202,7.665208,7.665255,7.572088,7.410672,,20.70927
2022-01-14 05:08:00,61203,7.74128,7.596484,7.336627,7.48136,,20.68212
2022-01-14 05:09:00,61204,7.729269,7.72606,7.582376,7.276553,,20.7062
2022-01-14 05:10:00,61205,7.75561,7.716268,7.355004,7.454475,,20.68844
2022-01-14 05:11:00,61206,7.775895,7.723048,7.408982,7.477585,,20.67995
2022-01-14 05:12:00,61207,7.790213,7.709231,7.459123,7.382097,,20.68939
2022-01-14 05:13:00,61208,7.761958,7.663898,7.474808,7.434064,,20.70216
2022-01-14 05:14:00,61209,7.742632,7.751409,7.33301,7.402168,,20.68927
2022-01-14 05:15:00,61210,7.473931,7.393445,7.340768,7.355789,,20.6825
2022-01-14 05:16:00,61211,7.454524,7.475095,7.430922,7.306162,,20.70361
2022-01-14 05:17:00,61212,7.425508,7.379885,7.463563,7.66083,,20.6999
2022-01-14 05:18:00,61213,7.400692,7.311541,7.242073,7.695327,,20.6687
2022-01-14 05:19:00,61214,7.383942,7.416872,7.313051,7.463764,,20.68041
2022-01-14 05:20:00,61215,7.353027,7.351871,7.28265,7.415771,,20.68088
2022-01-14 05:21:00,61216,7.37722,7.387714,7.494653,7.364678,,20.69694
2022-01-14 05:22:00,61217,7.315122,7.428468,7.358691,7.2211,,20.69015
2022-01-14 05:23:00,61218,7.38387,7.391578,7.310572,7.417405,,20.70783
2022-01-14 05:24:00,61219,7.411178,7.344358,7.512933,7.321057,,20.70431
2022-01-14 05:25:00,61220,7.404345,7.243514,7.101151,7.905011,,20.64263
2022-01-14 05:26:00,61221,7.397662,7.307094,7.419161,7.547852,,20.67373
2022-01-14 05:27:00,61222,7.31639,7.377398,7.557302,7.583824,,20.66826
2022-01-14 05:28:00,61223,7.337321,7.226158,7.508399,7.882071,,20.6528
2022-01-14 05:29:00,61224,7.398936,7.153652,7.664176,8.220608,,20.66364
2022-01-14 05:30:00,61225,7.367981,7.259799,7.882604,7.976382,,20.70377
2022-01-14 05:31:00,61226,7.337677,7.406194,7.786108,7.692218,,20.68166
2022-01-14 05:32:00,61227,7.362138,7.299764,8.063609,7.720464,,20.68052
2022-01-14 05:33:00,61228,7.330858,7.439067,7.941354,7.7476,,20.7326
2022-01-14 05:34:00,61229,7.339334,7.27016,7.813659,7.978331,,20.71998
2022-01-14 05:35:00,61230,7.303483,7.24987,7.423512,7.66257,,20.72845
2022-01-14 05:36:00,61231,7.291929,7.304905,7.434886,7.423037,,20.72507
2022-01-14 05:37:00,61232,7.339044,7.338727,7.29175,7.501036,,20.67116
2022-01-14 05:38:00,61233,7.312423,7.191104,7.36815,7.56493,,20.71156
2022-01-14 05:39:00,61234,7.306531,7.341185,7.265694,7.435547,,20.68334
2022-01-14 05:40:00,61235,7.333683,7.234594,7.345454,7.446462,,20.71957
2022-01-14 05:41:00,61236,7.268876,7.40898,7.676648,7.223563,,20.73149
2022-01-14 05:42:00,61237,7.26285,7.197379,7.036606,7.886762,,20.6652
2022-01-14 05:43:00,61238,7.310822,7.060859,7.130815,7.788526,,20.72206
2022-01-14 05:44:00,61239,7.275961,7.26969,7.322073,7.30722,,20.69012
2022-01-14 05:45:00,61240,7.241981,7.360392,7.544815,7.071476,,20.69208
2022-01-14 05:46:00,61241,7.292624,7.284159,7.213141,7.361097,,20.68019
2022-01-14 05:47:00,61242,7.304885,7.169318,7.382873,7.681694,,20.7512
2022-01-14 05:48:00,61243,7.288477,7.173391,7.201169,7.503457,,20.71681
2022-01-14 05:49:00,61244,7.268374,7.318396,7.547585,7.275467,,20.72795
2022-01-14 05:50:00,61245,7.27839,7.209389,7.361197,7.392853,,20.70908
2022-01-14 05:51:00,61246,7.270715,7.155584,7.191399,7.339567,,20.67926
2022-01-14 05:52:00,61247,7.247162,7.308711,7.334697,7.271497,,20.69086
2022-01-14 05:53:00,61248,7.225049,7.34419,7.373834,7.108702,,20.68254
2022-01-14 05:54:00,61249,7.277495,7.205993,7.07422,7.481444,,20.66882
2022-01-14 05:55:00,61250,7.24177,7.400564,7.556306,7.14822,,20.70804
2022-01-14 05:56:00,61251,7.24346,7.273583,7.250437,7.240757,,20.67456
2022-01-14 05:57:00,61252,7.260612,7.258466,7.336311,7.336238,,20.67643
2022-01-14 05:58:00,61253,7.26005,7.31796,7.554786,7.847627,,20.72053
2022-01-14 05:59:00,61254,7.264935,7.259151,7.269516,7.272758,,20.68121
2022-01-14 06:00:00,61255,7.268164,7.14443,7.194826,7.47594,,20.68855
2022-01-14 06:03:00,61258,7.180853,7.205297,7.451234,7.219466,,20.72405
2022-01-14 06:04:00,61259,7.16989,7.150807,7.279976,7.36294,,20.68931
2022-01-14 06:05:00,61260,7.188077,7.223949,7.339901,7.214442,,20.71768
2022-01-14 06:06:00,61261,7.222117,7.195731,7.218169,7.257912,,20.6853
2022-01-14 06:07:00,61262,7.480008,7.542032,7.21601,7.073251,,20.6863
2022-01-14 06:08:00,61263,7.553147,7.469199,7.168058,7.27715,,20.67161
2022-01-14 06:09:00,61264,7.565414,7.428697,7.112035,7.290865,,20.67173
2022-01-14 06:10:00,61265,7.597856,7.540246,7.036944,7.407912,,20.66195
2022-01-14 06:11:00,61266,7.587375,7.482249,7.168517,7.093399,,20.67282
2022-01-14 06:12:00,61267,7.585356,7.523073,7.223904,7.187547,,20.68553
2022-01-14 06:13:00,61268,7.567015,7.433064,6.895212,7.172902,,20.63665
2022-01-14 06:14:00,61269,7.528085,7.270095,7.144597,7.380064,,20.66656
2022-01-14 06:15:00,61270,7.121121,7.334421,7.387547,6.635335,,20.66474
2022-01-14 06:16:00,61271,7.123462,6.964913,6.741984,7.145036,,20.57541
2022-01-14 06:17:00,61272,7.059386,6.750987,6.744631,7.326416,,20.61554
2022-01-14 06:18:00,61273,6.991918,7.129582,7.16977,6.882476,,20.62584
2022-01-14 06:19:00,61274,6.980731,6.961802,7.150161,7.227281,,20.62272
2022-01-14 06:20:00,61275,6.967534,7.006879,7.154434,6.883241,,20.60689
2022-01-14 06:21:00,61276,6.953835,7.041943,7.17625,6.920066,,20.60433
2022-01-14 06:22:00,61277,6.965851,7.092779,7.219115,6.858325,,20.59803
2022-01-14 06:23:00,61278,7.02787,6.951437,6.816449,7.102857,,20.5103
2022-01-14 06:24:00,61279,6.970207,7.005087,7.139417,6.995813,,20.54542
2022-01-14 06:25:00,61280,7.01745,6.915317,6.984683,7.03924,,20.53703
2022-01-14 06:26:00,61281,6.967389,6.855895,7.1257,7.349859,,20.55432
2022-01-14 06:27:00,61282,7.01165,6.961425,7.056448,7.312203,,20.48198
2022-01-14 06:28:00,61283,6.965919,6.960514,7.267091,7.521701,,20.53731
2022-01-14 06:29:00,61284,6.969953,6.884422,7.198385,7.58305,,20.52983
2022-01-14 06:30:00,61285,6.904759,6.897649,7.543038,7.38576,,20.58765
2022-01-14 06:31:00,61286,6.927321,6.82894,7.318658,7.484753,,20.56247
2022-01-14 06:32:00,61287,6.895753,6.905392,7.396969,7.442948,,20.57519
2022-01-14 06:33:00,61288,6.891849,6.861419,7.408941,7.401398,,20.559
2022-01-14 06:34:00,61289,6.897491,6.919189,7.420019,7.25264,,20.56134
2022-01-14 06:35:00,61290,6.892411,6.84232,6.901455,6.938692,,20.55599
2022-01-14 06:36:00,61291,6.863296,6.855629,6.853962,6.984374,,20.54921
2022-01-14 06:37:00,61292,6.841926,6.912514,6.933822,6.743209,,20.54525
2022-01-14 06:38:00,61293,6.858552,6.92239,6.951899,6.739967,,20.56277
2022-01-14 06:39:00,61294,6.858419,6.994847,6.971024,6.685044,,20.5676
2022-01-14 06:40:00,61295,6.872076,6.750646,6.740718,7.170373,,20.55692
2022-01-14 06:41:00,61296,6.866143,6.859663,6.930919,6.811361,,20.55338
2022-01-14 06:42:00,61297,6.860118,6.854568,6.957065,6.93614,,20.5739
2022-01-14 06:43:00,61298,6.878785,6.875396,6.873422,6.758626,,20.5519
2022-01-14 06:44:00,61299,6.854001,6.843846,7.01166,7.116613,,20.60355
2022-01-14 06:45:00,61300,6.841443,6.900969,6.984071,6.861998,,20.58363
2022-01-14 06:46:00,61301,6.827027,6.904281,7.011675,6.875269,,20.58718
2022-01-14 06:47:00,61302,6.891037,6.841216,6.775094,6.981089,,20.54607
2022-01-14 06:48:00,61303,6.876023,6.907939,6.842133,6.808534,,20.55887
2022-01-14 06:49:00,61304,6.907726,6.852217,7.107971,6.952659,,20.60738
2022-01-14 06:50:00,61305,6.915641,6.846118,6.941826,6.97531,,20.55741
2022-01-14 06:51:00,61306,6.916354,6.856981,6.975978,7.047557,,20.57645
2022-01-14 06:52:00,61307,6.904154,6.95432,7.070549,6.899668,,20.59125
2022-01-14 06:53:00,61308,6.865207,6.887945,6.948993,6.762992,,20.5883
2022-01-14 06:54:00,61309,6.881184,6.824265,6.949434,6.934645,,20.55823
2022-01-14 06:55:00,61310,6.87222,6.84165,6.821698,6.979082,,20.55193
2022-01-14 06:56:00,61311,6.920938,6.838934,6.840633,6.967343,,20.54982
2022-01-14 06:57:00,61312,6.92773,6.907876,7.055621,6.864213,,20.56966
2022-01-14 06:58:00,61313,6.822388,6.927744,7.041295,6.996655,,20.59115
2022-01-14 06:59:00,61314,6.933866,6.938121,6.970095,6.855476,,20.56814
2022-01-14 07:00:00,61315,6.937202,6.882426,7.043247,7.052799,,20.57608
2022-01-14 07:03:00,61318,6.899363,6.881427,6.928172,7.024182,,20.54428
2022-01-14 07:04:00,61319,6.892047,6.944229,6.869102,6.947791,,20.53374
2022-01-14 07:05:00,61320,6.888282,6.970559,6.992007,6.834671,,20.56476
2022-01-14 07:06:00,61321,6.935356,6.95502,7.017957,6.845099,,20.58066
2022-01-14 07:07:00,61322,7.213048,7.137392,6.93081,6.94356,,20.55883
2022-01-14 07:08:00,61323,7.276886,7.293323,7.030821,6.886763,,20.56689
2022-01-14 07:09:00,61324,7.353373,7.265185,7.000692,7.012383,,20.56309
2022-01-14 07:10:00,61325,7.391664,7.234107,7.089905,7.082011,,20.5714
2022-01-14 07:11:00,61326,7.455468,7.154694,6.883398,7.15912,,20.52516
2022-01-14 07:12:00,61327,7.42455,7.355309,6.805893,6.931219,,20.53778
2022-01-14 07:13:00,61328,7.447291,7.321181,6.830209,7.018539,,20.52761
2022-01-14 07:14:00,61329,7.442789,7.335186,6.959858,6.960414,,20.55098
2022-01-14 07:15:00,61330,7.08452,7.071907,7.076082,7.102511,,20.56467
2022-01-14 07:16:00,61331,7.02523,6.928583,6.925338,6.989837,,20.54785
2022-01-14 07:17:00,61332,6.994368,6.949656,6.999441,6.976453,,20.55613
2022-01-14 07:18:00,61333,7.07063,6.978539,6.815188,7.160173,,20.52283
2022-01-14 07:19:00,61334,7.019487,6.918587,6.918852,7.127907,,20.53759
2022-01-14 07:20:00,61335,6.971452,6.956098,7.048523,6.967136,,20.5502
2022-01-14 07:21:00,61336,6.964532,7.06845,7.08416,6.739275,,20.5675
2022-01-14 07:22:00,61337,7.036475,6.926437,7.062373,7.20239,,20.55887
2022-01-14 07:23:00,61338,7.018292,6.993185,6.979472,7.023155,,20.55066
2022-01-14 07:24:00,61339,6.994242,6.957518,7.031485,7.082834,,20.55086
2022-01-14 07:25:00,61340,7.047674,6.937753,7.086877,7.128933,,20.56015
2022-01-14 07:26:00,61341,6.994927,7.037837,7.085983,7.015199,,20.54135
2022-01-14 07:27:00,61342,6.977104,6.951005,7.451628,7.466929,,20.54829
2022-01-14 07:28:00,61343,6.987691,6.958498,7.534974,7.509393,,20.54019
2022-01-14 07:29:00,61344,7.004171,7.005242,7.674645,7.377904,,20.56949
2022-01-14 07:30:00,61345,6.991074,6.957621,7.555077,7.61375,,20.54529
2022-01-14 07:31:00,61346,7.045718,6.899158,7.652926,7.711857,,20.55221
2022-01-14 07:32:00,61347,7.001449,7.07432,7.578137,7.344375,,20.56589
2022-01-14 07:33:00,61348,6.993376,6.95078,7.566851,7.693679,,20.55159
2022-01-14 07:34:00,61349,7.00759,6.935179,7.534886,7.613909,,20.54919
2022-01-14 07:35:00,61350,6.997411,6.9339,6.956372,6.965962,,20.55417
2022-01-14 07:36:00,61351,6.985926,6.914884,6.968703,7.017518,,20.5539
2022-01-14 07:37:00,61352,6.992401,6.842316,6.95195,7.028973,,20.54826
2022-01-14 07:38:00,61353,6.974672,6.884771,6.716981,7.064815,,20.52722
2022-01-14 07:39:00,61354,7.004325,6.83631,7.056762,7.07995,,20.55333
2022-01-14 07:40:00,61355,7.027723,6.902696,6.977236,7.171373,,20.55217
2022-01-14 07:41:00,61356,6.943819,6.922421,6.661115,6.93966,,20.51073
2022-01-14 07:42:00,61357,6.984138,6.843591,7.025169,7.052865,,20.55505
2022-01-14 07:43:00,61358,6.94741,6.780933,6.887383,7.152176,,20.52833
2022-01-14 07:44:00,61359,6.97446,6.959753,7.098798,7.075291,,20.55186
2022-01-14 07:45:00,61360,6.966844,6.800523,7.235671,6.808595,,20.57281
2022-01-14 07:46:00,61361,6.925713,6.95264,6.709584,6.799819,,20.51983
2022-01-14 07:47:00,61362,6.963638,6.85878,7.286367,6.810369,,20.58295
2022-01-14 07:48:00,61363,6.912477,6.812035,6.801837,7.090613,,20.52505
2022-01-14 07:49:00,61364,6.891356,6.755551,6.821396,6.940527,,20.52427
2022-01-14 07:50:00,61365,6.92577,6.852637,7.09673,6.84824,,20.5583
2022-01-14 07:51:00,61366,6.923584,6.894318,6.860637,6.992068,,20.5393
2022-01-14 07:52:00,61367,6.945071,6.839233,7.221929,6.768683,,20.57568
2022-01-14 07:53:00,61368,7.004253,7.021911,7.070721,6.785589,,20.5591
2022-01-14 07:54:00,61369,7.010838,6.915765,6.986484,7.017328,,20.53476
2022-01-14 07:55:00,61370,7.043672,6.937395,6.869895,7.168419,,20.52373
2022-01-14 07:56:00,61371,7.177608,6.993545,7.09323,7.094967,,20.54821
2022-01-14 07:57:00,61372,7.188575,6.912172,7.039184,7.34543,,20.55343
2022-01-14 07:58:00,61373,7.118615,7.142658,6.851985,7.264321,,20.52233
2022-01-14 07:59:00,61374,7.220522,6.975933,7.111962,7.260038,,20.5511
2022-01-14 08:00:00,61375,7.212591,7.103861,7.218988,7.125481,,20.55015
2022-01-14 08:03:00,61378,7.143629,7.055725,7.200586,7.192548,,20.57339
2022-01-14 08:04:00,61379,7.226029,7.060092,7.032827,7.272284,,20.53731
2022-01-14 08:05:00,61380,7.23284,7.102143,7.135436,7.176816,,20.54115
2022-01-14 08:06:00,61381,7.300859,7.053892,7.018464,7.301835,,20.54621
2022-01-14 08:07:00,61382,7.619922,7.372921,6.966882,7.201112,,20.54362
2022-01-14 08:08:00,61383,7.698549,7.60787,6.97289,6.932602,,20.52784
2022-01-14 08:09:00,61384,7.738665,7.548613,7.038128,7.12461,,20.55018
2022-01-14 08:10:00,61385,7.796888,7.648911,7.329309,6.801181,,20.57624
2022-01-14 08:11:00,61386,7.834716,7.615726,6.987642,7.322325,,20.53839
2022-01-14 08:12:00,61387,7.959142,7.704597,7.042856,7.204839,,20.52283
2022-01-14 08:13:00,61388,8.080082,7.871427,7.109095,7.278755,,20.53196
2022-01-14 08:14:00,61389,8.086946,7.871444,7.022881,7.330248,,20.50445
2022-01-14 08:15:00,61390,7.546526,7.258555,7.124655,7.411147,,20.54767
2022-01-14 08:16:00,61391,7.539395,7.378505,7.168623,7.186724,,20.51613
2022-01-14 08:17:00,61392,7.586772,7.264227,7.288205,7.450153,,20.5463
2022-01-14 08:18:00,61393,7.68176,7.403804,7.414065,7.471962,,20.53979
2022-01-14 08:19:00,61394,7.745003,7.36534,7.557481,7.74487,,20.56231
2022-01-14 08:20:00,61395,7.981577,7.643203,7.362329,7.74527,,20.53526
2022-01-14 08:21:00,61396,7.928359,7.712484,7.395945,7.666005,,20.53525
2022-01-14 08:22:00,61397,7.885642,7.650728,7.562385,7.621345,,20.54002
2022-01-14 08:23:00,61398,7.985146,7.643105,7.926457,7.498876,,20.59172
2022-01-14 08:24:00,61399,7.74393,7.547388,7.598014,7.852983,,20.53382
2022-01-14 08:25:00,61400,7.962314,7.686528,7.805708,7.783396,,20.56628
2022-01-14 08:26:00,61401,7.800789,7.534659,7.693001,7.817451,,20.5704
2022-01-14 08:27:00,61402,7.805941,7.719503,8.263716,8.127262,,20.52416
2022-01-14 08:28:00,61403,7.610827,7.561511,8.333931,8.291554,,20.55462
2022-01-14 08:29:00,61404,7.367115,7.389572,8.298388,8.152813,,20.52475
2022-01-14 08:30:00,61405,7.497128,7.269708,7.994896,8.686049,,20.48501
2022-01-14 08:31:00,61406,7.452189,7.35505,8.075918,8.393441,,20.53923
2022-01-14 08:32:00,61407,7.507437,7.317626,8.34764,8.616824,,20.57591
2022-01-14 08:33:00,61408,7.373534,7.276098,8.105367,8.388896,,20.53957
2022-01-14 08:34:00,61409,7.27392,7.388199,8.384809,7.950119,,20.56535
2022-01-14 08:35:00,61410,7.270013,7.237066,7.454432,7.358749,,20.5695
2022-01-14 08:36:00,61411,7.269734,7.12235,7.169042,7.337832,,20.54864
2022-01-14 08:37:00,61412,7.23687,7.278803,7.290406,7.186264,,20.55211
2022-01-14 08:38:00,61413,7.229252,7.14992,7.382011,7.36606,,20.58945
2022-01-14 08:39:00,61414,7.310821,7.22703,7.150355,7.2278,,20.54206
2022-01-14 08:40:00,61415,7.2935,7.126491,7.219187,7.233132,,20.53323
2022-01-14 08:41:00,61416,7.182219,7.177281,7.332188,7.207771,,20.56234
2022-01-14 08:42:00,61417,7.270631,7.125114,7.095126,7.351693,,20.54494
2022-01-14 08:43:00,61418,7.176022,7.057775,7.131416,7.268252,,20.54222
2022-01-14 08:44:00,61419,7.149636,7.01131,7.114447,7.31634,,20.58025
2022-01-14 08:45:00,61420,7.122914,7.059945,7.112056,7.07268,,20.56246
2022-01-14 08:46:00,61421,7.130285,7.005786,6.938728,7.218309,,20.55269
2022-01-14 08:47:00,61422,7.117165,7.043113,7.172351,7.295523,,20.57926
2022-01-14 08:48:00,61423,7.104373,7.084233,7.172876,7.033343,,20.55099
2022-01-14 08:49:00,61424,7.115536,6.94588,7.073848,7.364374,,20.57557
2022-01-14 08:50:00,61425,7.139148,6.923274,6.792768,7.183215,,20.51979
2022-01-14 08:51:00,61426,7.149911,7.111399,7.201724,7.25242,,20.56597
2022-01-14 08:52:00,61427,7.2124,7.095405,7.064414,7.391243,,20.5668
2022-01-14 08:53:00,61428,7.190147,7.068685,6.977031,7.298095,,20.55142
2022-01-14 08:54:00,61429,7.199353,6.981607,6.91116,7.400602,,20.54775
2022-01-14 08:55:00,61430,7.160958,7.140973,7.285666,7.226507,,20.57661
2022-01-14 08:56:00,61431,7.260742,7.142335,7.227512,7.150256,,20.5693
2022-01-14 08:57:00,61432,7.397779,7.167464,7.083192,7.564823,,20.56262
2022-01-14 08:58:00,61433,7.414813,7.354314,7.281732,7.143449,,20.5355
2022-01-14 08:59:00,61434,7.360354,7.484308,7.478646,6.989235,,20.57457
2022-01-14 09:00:00,61435,7.440228,7.44191,7.368607,7.13149,,20.53547
2022-01-14 09:03:00,61438,7.381425,7.320964,7.388092,7.426018,,20.56852
2022-01-14 09:04:00,61439,7.434167,7.247206,7.359808,7.516787,,20.54689
2022-01-14 09:05:00,61440,7.559464,7.425003,7.291734,7.484403,,20.5383
2022-01-14 09:06:00,61441,7.567028,7.44644,7.502316,7.660326,,20.58451
2022-01-14 09:07:00,61442,7.847456,7.700342,7.307478,7.419212,,20.54317
2022-01-14 09:08:00,61443,8.056141,7.86281,7.539272,7.549585,,20.55207
2022-01-14 09:09:00,61444,8.216464,8.039745,7.550622,7.465854,,20.57275
2022-01-14 09:10:00,61445,8.27415,8.006181,7.447196,7.500069,,20.54677
2022-01-14 09:11:00,61446,8.448366,8.18962,7.531563,7.640293,,20.55364
2022-01-14 09:12:00,61447,8.458302,8.176398,7.489244,7.542132,,20.53513
2022-01-14 09:13:00,61448,8.558073,8.185831,7.346438,7.553641,,20.54
2022-01-14 09:14:00,61449,8.602652,8.275555,7.501803,7.578813,,20.55054
2022-01-14 09:15:00,61450,7.893285,7.648843,7.475173,7.575871,,20.55439
2022-01-14 09:16:00,61451,7.823748,7.620988,7.606861,7.707547,,20.54333
2022-01-14 09:17:00,61452,7.953815,7.751877,7.662412,7.610475,,20.54597
2022-01-14 09:18:00,61453,7.909729,7.879755,7.862332,7.438093,,20.56357
2022-01-14 09:19:00,61454,7.953523,7.657095,7.500186,7.994007,,20.53478
2022-01-14 09:20:00,61455,7.931404,7.645757,7.450525,7.806652,,20.53178
2022-01-14 09:21:00,61456,8.135026,7.940157,7.767339,7.767613,,20.55938
2022-01-14 09:22:00,61457,8.008742,7.842371,7.458142,7.722916,,20.50406
2022-01-14 09:23:00,61458,7.827919,7.671201,7.559029,7.798564,,20.55684
2022-01-14 09:24:00,61459,7.788538,7.870072,7.928136,7.327413,,20.56048
2022-01-14 09:25:00,61460,7.984046,7.80404,7.887064,7.837463,,20.58114
2022-01-14 09:26:00,61461,8.097096,7.801085,7.509679,8.195499,,20.52509
2022-01-14 09:27:00,61462,8.065365,7.971423,8.921581,8.571888,,20.59959
2022-01-14 09:28:00,61463,8.167682,8.066123,9.066428,8.955312,,20.56839
2022-01-14 09:29:00,61464,8.085529,7.903392,9.099234,8.817227,,20.5875
2022-01-14 09:30:00,61465,7.948488,7.878244,9.085049,8.939756,,20.56603
2022-01-14 09:31:00,61466,7.742623,7.722839,9.174881,8.907177,,20.58253
2022-01-14 09:32:00,61467,7.869986,7.70062,8.895283,9.055167,,20.57114
2022-01-14 09:33:00,61468,7.907613,7.614395,8.807169,9.061893,,20.56645
2022-01-14 09:34:00,61469,7.754819,7.586839,8.70258,8.779046,,20.56667
2022-01-14 09:35:00,61470,7.701106,7.604568,7.811828,7.76686,,20.57696
2022-01-14 09:36:00,61471,7.647463,7.497573,7.587538,7.730651,,20.58103
2022-01-14 09:37:00,61472,7.611025,7.464509,7.392387,7.489545,,20.58174
2022-01-14 09:38:00,61473,7.597816,7.465044,7.425593,7.234252,,20.57172
2022-01-14 09:39:00,61474,7.602988,7.4188,7.370591,7.795857,,20.59032
2022-01-14 09:40:00,61475,7.616436,7.50776,7.595555,7.731753,,20.59959
2022-01-14 09:41:00,61476,7.566058,7.432185,7.477456,7.727248,,20.58624
2022-01-14 09:42:00,61477,7.505127,7.618325,7.658304,7.183272,,20.58668
2022-01-14 09:43:00,61478,7.4874,7.477735,7.542746,7.582061,,20.57197
2022-01-14 09:44:00,61479,7.62852,7.673784,7.846171,7.122145,,20.5841
2022-01-14 09:45:00,61480,7.631045,7.576256,7.670235,7.710248,,20.54712
2022-01-14 09:46:00,61481,7.644096,7.375338,7.036057,7.971452,,20.53096
2022-01-14 09:47:00,61482,7.569841,7.512911,7.635092,7.450885,,20.58596
2022-01-14 09:48:00,61483,7.586655,7.439027,7.524269,7.432355,,20.57174
2022-01-14 09:49:00,61484,7.614152,7.384641,7.459872,7.502156,,20.58106
2022-01-14 09:50:00,61485,7.619479,7.617374,7.722374,7.116565,,20.58177
2022-01-14 09:51:00,61486,7.709911,7.50784,7.390143,7.603346,,20.56757
2022-01-14 09:52:00,61487,7.541578,7.440063,7.555577,7.405717,,20.58821
2022-01-14 09:53:00,61488,7.614773,7.298131,7.067991,7.904722,,20.52846
2022-01-14 09:54:00,61489,7.524964,7.674996,7.692713,7.157582,,20.59131
2022-01-14 09:55:00,61490,7.618068,7.448443,7.067071,7.719532,,20.50602
2022-01-14 09:56:00,61491,7.616558,7.512996,7.535592,7.476961,,20.56779
2022-01-14 09:57:00,61492,7.711099,7.464381,7.534103,7.747506,,20.57932
2022-01-14 09:58:00,61493,7.719931,7.518837,7.681867,7.698197,,20.60067
2022-01-14 09:59:00,61494,7.651018,7.589359,7.67771,7.589012,,20.57348
2022-01-14 10:00:00,61495,7.84752,7.728565,7.660249,7.676481,,20.57962
2022-01-14 10:03:00,61498,7.959726,7.674879,7.584689,7.800854,,20.55509
2022-01-14 10:04:00,61499,7.825436,7.601825,7.537843,7.637053,,20.5738
2022-01-14 10:05:00,61500,7.804117,7.551118,7.595555,7.710776,,20.58004
2022-01-14 10:06:00,61501,7.943997,7.702406,7.637978,7.921827,,20.57442
2022-01-14 10:07:00,61502,8.334614,8.130509,7.671073,7.678216,,20.56738
2022-01-14 10:08:00,61503,8.487108,8.277946,7.78287,7.942355,,20.58673
2022-01-14 10:09:00,61504,8.537691,8.208569,7.696565,7.781791,,20.58141
2022-01-14 10:10:00,61505,8.546643,8.301072,7.740043,7.745162,,20.59703
2022-01-14 10:11:00,61506,8.598894,8.504064,7.875091,7.498531,,20.58007
2022-01-14 10:12:00,61507,8.784879,8.462521,7.768064,7.850993,,20.57802
2022-01-14 10:13:00,61508,8.968154,8.665768,7.792977,7.89888,,20.58471
2022-01-14 10:14:00,61509,8.93977,8.500378,7.748588,7.893667,,20.57689
2022-01-14 10:15:00,61510,8.250993,7.991919,7.926514,7.700318,,20.59053
2022-01-14 10:16:00,61511,8.056062,7.799934,7.832858,7.856945,,20.59873
2022-01-14 10:17:00,61512,7.946027,7.592186,7.462097,8.146385,,20.53658
2022-01-14 10:18:00,61513,7.845444,7.711155,7.787734,7.834912,,20.58306
2022-01-14 10:19:00,61514,7.884204,7.801996,7.786309,7.820537,,20.55601
2022-01-14 10:20:00,61515,7.951056,7.693523,7.875211,8.16453,,20.60162
2022-01-14 10:21:00,61516,7.831594,7.920683,8.088172,7.547193,,20.59835
2022-01-14 10:22:00,61517,7.912933,7.963756,7.993339,7.499073,,20.60139
2022-01-14 10:23:00,61518,7.922403,7.697629,7.622903,8.085155,,20.55647
2022-01-14 10:24:00,61519,8.077613,7.850207,7.836856,8.006287,,20.60955
2022-01-14 10:25:00,61520,7.943231,7.891129,7.831163,7.545168,,20.55454
2022-01-14 10:26:00,61521,7.967079,7.813562,7.936096,7.884732,,20.60157
2022-01-14 10:27:00,61522,7.84718,7.835914,8.5706,8.173563,,20.62734
2022-01-14 10:28:00,61523,7.916669,7.621917,8.02392,8.222442,,20.50724
2022-01-14 10:29:00,61524,7.796742,7.666809,8.191031,8.361708,,20.50662
2022-01-14 10:30:00,61525,7.713589,7.71131,8.552401,8.446484,,20.59266
2022-01-14 10:31:00,61526,7.66897,7.816068,8.685836,8.119812,,20.60078
2022-01-14 10:32:00,61527,7.789107,7.668067,8.284424,8.612839,,20.52423
2022-01-14 10:33:00,61528,7.832763,7.56586,8.169485,8.891589,,20.55352
2022-01-14 10:34:00,61529,7.807959,7.887088,8.525853,7.997537,,20.55356
2022-01-14 10:35:00,61530,7.843718,7.677077,7.626924,8.030993,,20.55506
2022-01-14 10:36:00,61531,7.878387,7.716691,7.716302,8.093738,,20.56605
2022-01-14 10:37:00,61532,7.904647,7.753244,8.055644,8.279855,,20.64064
2022-01-14 10:38:00,61533,7.805425,7.942749,7.902269,7.220988,,20.57171
2022-01-14 10:39:00,61534,7.818605,7.796326,7.978095,7.756294,,20.61196
2022-01-14 10:40:00,61535,7.867226,7.803748,7.846457,7.787738,,20.59068
2022-01-14 10:41:00,61536,7.87434,7.831695,7.962903,7.865242,,20.60885
2022-01-14 10:42:00,61537,7.81678,7.805272,7.925535,7.744624,,20.59575
2022-01-14 10:43:00,61538,7.821859,7.834239,7.992876,7.783418,,20.60503
2022-01-14 10:44:00,61539,7.840243,7.964897,7.978849,7.336465,,20.57866
2022-01-14 10:45:00,61540,7.907033,7.723684,7.930326,7.843799,,20.60432
2022-01-14 10:46:00,61541,7.9564,7.856516,7.91758,7.841066,,20.58412
2022-01-14 10:47:00,61542,7.980759,7.795512,7.97124,8.013096,,20.60845
2022-01-14 10:48:00,61543,7.915031,7.772733,7.965723,8.118376,,20.62843
2022-01-14 10:49:00,61544,7.958287,7.886178,8.025872,7.975567,,20.61037
2022-01-14 10:50:00,61545,8.02629,7.906347,8.181013,8.004503,,20.63356
2022-01-14 10:51:00,61546,7.960403,7.973663,7.945879,7.676888,,20.60495
2022-01-14 10:52:00,61547,7.974383,7.905469,7.910732,8.035567,,20.60187
2022-01-14 10:53:00,61548,7.949076,7.899875,8.04634,7.70337,,20.59257
2022-01-14 10:54:00,61549,7.973003,7.968735,7.962988,7.817822,,20.61664
2022-01-14 10:55:00,61550,7.979379,7.952353,7.894707,7.613299,,20.59977
2022-01-14 10:56:00,61551,7.986282,8.018785,7.969756,7.386731,,20.59128
2022-01-14 10:57:00,61552,7.938779,8.015351,7.959685,7.56425,,20.62021
2022-01-14 10:58:00,61553,7.984838,7.875518,8.010816,7.99363,,20.59842
2022-01-14 10:59:00,61554,8.071956,7.963429,7.892344,7.79453,,20.60127
2022-01-14 11:00:00,61555,8.084635,7.813727,7.968183,8.235185,,20.61371
2022-01-14 11:03:00,61558,8.258998,7.996089,8.092204,8.04315,,20.60602
2022-01-14 11:04:00,61559,8.10384,7.98458,8.07498,7.983685,,20.62156
2022-01-14 11:05:00,61560,8.187629,7.863078,8.050772,8.404386,,20.61712
2022-01-14 11:06:00,61561,8.084608,7.971469,7.929812,8.071367,,20.59923
2022-01-14 11:07:00,61562,8.497823,8.434986,8.178028,8.137124,,20.64852
2022-01-14 11:08:00,61563,8.616213,8.4553,8.089965,8.067899,,20.6467
2022-01-14 11:09:00,61564,8.675535,8.488214,8.105856,7.942861,,20.633
2022-01-14 11:10:00,61565,8.718597,8.532983,8.08338,8.001627,,20.64212
2022-01-14 11:11:00,61566,8.724814,8.618855,7.905094,7.872848,,20.60564
2022-01-14 11:12:00,61567,8.741171,8.598163,8.022039,8.059628,,20.61244
2022-01-14 11:13:00,61568,8.742886,8.651342,8.029071,7.680457,,20.64317
2022-01-14 11:14:00,61569,8.693649,8.56892,8.042505,7.798058,,20.62618
2022-01-14 11:15:00,61570,8.183511,7.857874,8.096914,8.460077,,20.61832
2022-01-14 11:16:00,61571,7.971856,7.925669,7.995797,8.048982,,20.60163
2022-01-14 11:17:00,61572,7.953057,7.725162,7.860863,8.396215,,20.56901
2022-01-14 11:18:00,61573,7.942419,7.909734,8.335782,8.182364,,20.63805
2022-01-14 11:19:00,61574,7.96895,7.926041,8.093508,8.091228,,20.60861
2022-01-14 11:20:00,61575,8.040893,7.926676,7.895557,8.084118,,20.56368
2022-01-14 11:21:00,61576,8.06685,7.837934,7.927722,8.409907,,20.56976
2022-01-14 11:22:00,61577,8.042539,7.705532,7.714403,8.245072,,20.53695
2022-01-14 11:23:00,61578,8.002131,7.978106,7.767632,8.086138,,20.53382
2022-01-14 11:24:00,61579,7.956441,7.957038,7.99776,7.933689,,20.56162
2022-01-14 11:25:00,61580,8.026818,7.9073,8.022944,8.210285,,20.56887
2022-01-14 11:26:00,61581,8.135366,8.176702,8.128615,7.914496,,20.57898
2022-01-14 11:27:00,61582,8.1868,8.100073,8.37309,8.42074,,20.56605
2022-01-14 11:28:00,61583,8.128262,8.083947,8.582048,8.583453,,20.57601
2022-01-14 11:29:00,61584,8.129792,8.07348,8.594687,8.788392,,20.58505
2022-01-14 11:30:00,61585,8.116608,8.1303,8.724996,8.478463,,20.60028
2022-01-14 11:31:00,61586,8.212174,8.080153,8.513762,8.707159,,20.55105
2022-01-14 11:32:00,61587,8.135739,8.052046,8.88304,8.867732,,20.59413
2022-01-14 11:33:00,61588,8.280046,8.24654,9.086194,8.917861,,20.602
2022-01-14 11:34:00,61589,8.163908,8.059636,8.86835,8.985086,,20.59435
2022-01-14 11:35:00,61590,8.168772,8.127615,8.046366,8.300673,,20.57937
2022-01-14 11:36:00,61591,8.124385,8.015439,8.076945,8.025495,,20.5906
2022-01-14 11:37:00,61592,8.060245,8.121449,8.254572,7.916509,,20.6228
2022-01-14 11:38:00,61593,8.077557,8.072,8.129649,8.088264,,20.60109
2022-01-14 11:39:00,61594,8.099751,8.146117,8.24832,8.009142,,20.62415
2022-01-14 11:40:00,61595,8.118273,8.129186,8.072987,8.048273,,20.6119
2022-01-14 11:41:00,61596,8.132635,8.058743,7.947758,8.202745,,20.59772
2022-01-14 11:42:00,61597,8.129404,8.087493,8.095232,8.029874,,20.59576
2022-01-14 11:43:00,61598,8.062545,8.07163,8.099631,8.046858,,20.57876
2022-01-14 11:44:00,61599,8.122072,8.054879,8.034615,8.188478,,20.58887
2022-01-14 11:45:00,61600,8.057734,8.062377,8.032423,7.895937,,20.56639
2022-01-14 11:46:00,61601,8.081752,7.962007,7.956995,8.215773,,20.54427
2022-01-14 11:47:00,61602,8.053493,7.927207,7.896827,8.192675,,20.54581
2022-01-14 11:48:00,61603,8.024958,7.827681,7.810414,8.332418,,20.53406
2022-01-14 11:49:00,61604,7.969945,7.789034,7.696325,8.017246,,20.52076
2022-01-14 11:50:00,61605,7.902857,7.876477,8.089598,7.844024,,20.56197
2022-01-14 11:51:00,61606,7.972375,7.796584,7.857087,7.934279,,20.5233
2022-01-14 11:52:00,61607,7.977955,7.939051,8.408085,8.509263,,20.6075
2022-01-14 11:53:00,61608,7.99346,8.008749,8.043257,7.868678,,20.52729
2022-01-14 11:54:00,61609,8.131275,7.971084,7.994723,8.200927,,20.53357
2022-01-14 11:55:00,61610,8.145831,7.63203,7.545516,8.336727,,20.53952
2022-01-14 11:56:00,61611,8.177319,7.962333,8.223207,8.459592,,20.55633
2022-01-14 11:57:00,61612,8.218626,8.178294,8.196856,7.71171,,20.50589
2022-01-14 11:58:00,61613,8.175039,7.93498,8.035501,8.279556,,20.54153
2022-01-14 11:59:00,61614,8.137197,8.021902,7.72618,7.742196,,20.46481
2022-01-14 12:00:00,61615,8.249129,7.920911,7.968635,8.221153,,20.57018
2022-01-14 12:03:00,61618,8.096489,7.967517,7.892226,7.92868,,20.5698
2022-01-14 12:04:00,61619,7.950865,7.827563,7.854802,8.086385,,20.57808
2022-01-14 12:05:00,61620,7.90048,7.877247,7.861752,7.797099,,20.56713
2022-01-14 12:06:00,61621,8.053281,7.984962,7.899072,7.957127,,20.58475
2022-01-14 12:07:00,61622,8.571581,8.337443,7.801798,8.11229,,20.5752
2022-01-14 12:08:00,61623,8.769196,8.599273,8.171995,8.074185,,20.59713
2022-01-14 12:09:00,61624,8.897572,8.636628,8.198985,8.29343,,20.59349
2022-01-14 12:10:00,61625,8.876098,8.871542,8.391694,7.620664,,20.60836
2022-01-14 12:11:00,61626,9.034124,8.648309,8.032413,8.356065,,20.58868
2022-01-14 12:12:00,61627,9.003974,8.822425,8.196069,7.784004,,20.63257
2022-01-14 12:13:00,61628,9.036228,8.72907,7.815026,7.834416,,20.57516
2022-01-14 12:14:00,61629,8.975878,8.693551,7.950665,8.124313,,20.62033
2022-01-14 12:15:00,61630,8.137042,8.071319,8.134634,7.8227,,20.60246
2022-01-14 12:16:00,61631,7.995734,7.855087,7.852464,7.878469,,20.58004
2022-01-14 12:17:00,61632,8.137788,7.904094,7.924159,8.265464,,20.60016
2022-01-14 12:18:00,61633,8.086419,8.049853,7.718751,7.921559,,20.53275
2022-01-14 12:19:00,61634,8.13767,7.973161,8.126717,7.949485,,20.59447
2022-01-14 12:20:00,61635,8.251189,7.850307,7.702157,8.438948,,20.57435
2022-01-14 12:21:00,61636,8.124128,8.198797,8.327923,7.554152,,20.60255
2022-01-14 12:22:00,61637,8.244502,7.98511,7.90598,8.604087,,20.5728
2022-01-14 12:23:00,61638,8.256831,8.307604,8.547833,7.789091,,20.59548
2022-01-14 12:24:00,61639,8.269629,8.070132,8.040622,8.337323,,20.61065
2022-01-14 12:25:00,61640,8.208899,8.111173,8.196252,8.209064,,20.62665
2022-01-14 12:26:00,61641,8.224982,8.206484,8.399035,8.057117,,20.62514
2022-01-14 12:27:00,61642,8.30942,8.201522,8.924612,8.786148,,20.62201
2022-01-14 12:28:00,61643,8.145343,8.141468,9.09376,8.830504,,20.62976
2022-01-14 12:29:00,61644,8.146596,8.198941,9.082636,8.448977,,20.5925
2022-01-14 12:30:00,61645,8.155038,8.081737,9.019481,8.850817,,20.61623
2022-01-14 12:31:00,61646,8.198175,8.069066,9.075767,9.269825,,20.62105
2022-01-14 12:32:00,61647,8.283882,8.156878,9.136843,9.041005,,20.59482
2022-01-14 12:33:00,61648,8.305964,8.054446,8.862274,9.30421,,20.55851
2022-01-14 12:34:00,61649,8.265864,8.09073,9.103074,9.179309,,20.59147
2022-01-14 12:35:00,61650,8.062277,7.926799,8.180855,8.150559,,20.5903
2022-01-14 12:36:00,61651,8.0354,7.908975,7.873377,7.976534,,20.57876
2022-01-14 12:37:00,61652,7.975653,7.753028,8.102768,8.040174,,20.60815
2022-01-14 12:38:00,61653,7.908763,7.827324,7.78919,7.964923,,20.59111
2022-01-14 12:39:00,61654,7.877802,7.832575,7.645095,7.498835,,20.58167
2022-01-14 12:40:00,61655,7.946685,7.720206,7.649988,8.058599,,20.57394
2022-01-14 12:41:00,61656,8.014802,7.855248,7.729252,7.813888,,20.58344
2022-01-14 12:42:00,61657,8.275998,8.018083,8.254745,8.062858,,20.63587
2022-01-14 12:43:00,61658,8.254961,8.023685,8.037126,8.145389,,20.60157
2022-01-14 12:44:00,61659,8.468202,8.068667,8.220114,8.571026,,20.59172
2022-01-14 12:45:00,61660,8.302057,8.075843,7.967773,8.233316,,20.60195
2022-01-14 12:46:00,61661,8.367323,8.218368,8.533996,8.140593,,20.65091
2022-01-14 12:47:00,61662,8.288903,8.260411,8.353662,7.925212,,20.63238
2022-01-14 12:48:00,61663,8.513347,8.267842,7.549823,7.897225,,20.55984
2022-01-14 12:49:00,61664,8.375171,8.284401,8.327294,7.956854,,20.61973
2022-01-14 12:50:00,61665,7.898794,7.725441,7.641988,7.896925,,20.58756
2022-01-14 12:51:00,61666,8.177329,7.820625,7.952126,7.82154,,20.62244
2022-01-14 12:52:00,61667,7.942086,7.677516,7.492819,7.810106,,20.59737
2022-01-14 12:53:00,61668,7.751912,7.528461,7.576462,7.660963,,20.60618
2022-01-14 12:54:00,61669,7.705791,7.306256,7.226578,7.963841,,20.57532
2022-01-14 12:55:00,61670,7.845995,7.518188,7.563858,7.2744,,20.62654
2022-01-14 12:56:00,61671,7.938607,7.477281,7.432312,7.237488,,20.60195
2022-01-14 12:57:00,61672,7.849994,7.59194,7.27697,7.421826,,20.60622
2022-01-14 12:58:00,61673,7.807854,7.532744,7.605028,7.397102,,20.63388
2022-01-14 12:59:00,61674,7.98411,7.857512,7.466573,7.247036,,20.61799
2022-01-14 13:00:00,61675,8.137585,7.882436,8.037454,8.056987,,20.6389
2022-01-14 13:03:00,61678,7.935181,7.727883,7.791503,7.583519,,20.62381
2022-01-14 13:04:00,61679,7.968519,7.862316,7.68382,7.537233,,20.59941
2022-01-14 13:05:00,61680,7.975976,7.673054,7.727644,7.785087,,20.61497
2022-01-14 13:06:00,61681,7.884187,7.715099,7.686419,8.050089,,20.62225
2022-01-14 13:07:00,61682,9.09241,8.736962,7.799794,7.857182,,20.62527
2022-01-14 13:08:00,61683,9.324697,8.907503,7.684393,7.536273,,20.62479
2022-01-14 13:09:00,61684,9.422805,8.903637,7.43528,7.620248,,20.60934
2022-01-14 13:10:00,61685,9.399568,8.838965,7.267107,7.142469,,20.61746
2022-01-14 13:11:00,61686,9.413025,8.958255,7.222928,7.27693,,20.61028
2022-01-14 13:12:00,61687,9.44756,8.920105,7.194489,7.439273,,20.60436
2022-01-14 13:13:00,61688,9.490863,8.743883,7.555709,7.72124,,20.64849
2022-01-14 13:14:00,61689,9.405772,8.801014,7.540972,7.753146,,20.64403
2022-01-14 13:15:00,61690,8.202561,7.88356,7.535172,7.707909,,20.62185
2022-01-14 13:16:00,61691,8.022393,7.72537,7.637064,7.668427,,20.62143
2022-01-14 13:17:00,61692,7.79322,7.609566,7.56657,7.567097,,20.61799
2022-01-14 13:18:00,61693,7.773102,7.608027,7.494605,7.653107,,20.61722
2022-01-14 13:19:00,61694,7.792542,7.717251,7.593592,7.783789,,20.60662
2022-01-14 13:20:00,61695,7.927088,7.736539,7.663907,7.617774,,20.62441
2022-01-14 13:21:00,61696,7.802237,7.717803,7.592105,7.600188,,20.60778
2022-01-14 13:22:00,61697,7.89937,7.79513,7.432908,7.939937,,20.60439
2022-01-14 13:23:00,61698,8.013395,7.840482,7.613414,7.807798,,20.61373
2022-01-14 13:24:00,61699,7.992292,7.833878,7.773387,7.673609,,20.62424
2022-01-14 13:25:00,61700,8.00458,7.834209,7.754851,8.001109,,20.62219
2022-01-14 13:26:00,61701,8.104485,7.9145,7.905739,7.909964,,20.62853
2022-01-14 13:27:00,61702,7.994574,7.866542,8.611353,8.767335,,20.61448
2022-01-14 13:28:00,61703,8.238917,8.010913,8.950162,9.099668,,20.63843
2022-01-14 13:29:00,61704,8.273291,8.031901,9.042708,9.33897,,20.62562
2022-01-14 13:30:00,61705,8.208347,8.080369,9.203864,9.19659,,20.60872
2022-01-14 13:31:00,61706,8.232955,8.020249,9.315861,9.241107,,20.63401
2022-01-14 13:32:00,61707,7.852707,7.828829,9.123321,9.02365,,20.59934
2022-01-14 13:33:00,61708,7.915506,7.583731,9.115047,9.557718,,20.63766
2022-01-14 13:34:00,61709,7.918836,7.640745,8.509472,9.467708,,20.59345
2022-01-14 13:35:00,61710,7.780105,7.638734,7.704054,7.854864,,20.60984
2022-01-14 13:36:00,61711,7.758623,7.738117,7.691111,7.607828,,20.60581
2022-01-14 13:37:00,61712,7.760461,7.678155,7.618624,7.702495,,20.62006
2022-01-14 13:38:00,61713,7.811242,7.788188,7.649716,7.506755,,20.59561
2022-01-14 13:39:00,61714,7.895808,7.835835,7.911104,7.774781,,20.63202
2022-01-14 13:40:00,61715,7.999034,7.861917,7.672335,7.781795,,20.60529
2022-01-14 13:41:00,61716,7.945828,7.847699,7.606863,7.929439,,20.6055
2022-01-14 13:42:00,61717,7.991132,7.826415,7.886108,7.614283,,20.62301
2022-01-14 13:43:00,61718,7.726195,7.659842,7.580705,7.515718,,20.61063
2022-01-14 13:44:00,61719,7.818168,7.682159,7.635943,7.489131,,20.62752
2022-01-14 13:45:00,61720,7.831453,7.699453,7.773973,7.757495,,20.64198
2022-01-14 13:46:00,61721,7.868041,7.73811,7.717099,7.757938,,20.61855
2022-01-14 13:47:00,61722,7.872882,7.752025,7.823512,7.796469,,20.64531
2022-01-14 13:48:00,61723,7.915383,7.814575,7.797661,7.620877,,20.62789
2022-01-14 13:49:00,61724,8.069289,7.813733,7.808553,7.8286,,20.63319
2022-01-14 13:50:00,61725,8.153108,7.899919,7.560751,8.197132,,20.61471
2022-01-14 13:51:00,61726,8.009929,7.881638,8.054993,7.801818,,20.65408
2022-01-14 13:52:00,61727,8.074504,7.843831,7.901984,8.089578,,20.65434
2022-01-14 13:53:00,61728,8.141498,7.933313,7.901789,8.00617,,20.65184
2022-01-14 13:54:00,61729,8.120996,7.917642,8.060364,8.086631,,20.66807
2022-01-14 13:55:00,61730,8.167246,7.974755,8.087675,7.905312,,20.66818
2022-01-14 13:56:00,61731,8.034314,7.903188,7.88456,7.812068,,20.63727
2022-01-14 13:57:00,61732,7.97261,7.77872,7.787581,8.393611,,20.6531
2022-01-14 13:58:00,61733,8.061804,7.94225,7.94807,7.871302,,20.62684
2022-01-14 13:59:00,61734,7.971941,7.850756,7.676152,7.880219,,20.61952
2022-01-14 14:00:00,61735,7.883793,7.849674,7.967499,7.642395,,20.65149
2022-01-14 14:03:00,61738,8.021352,7.825223,7.757414,8.040487,,20.62996
2022-01-14 14:04:00,61739,7.973645,7.888985,7.992515,7.852767,,20.6528
2022-01-14 14:05:00,61740,7.934587,7.805273,8.147551,7.819314,,20.68834
2022-01-14 14:06:00,61741,7.919255,7.881575,8.139788,7.927816,,20.67428
2022-01-14 14:07:00,61742,8.412004,8.484763,8.177259,7.677332,,20.64907
2022-01-14 14:08:00,61743,8.58738,8.575578,8.310452,7.864411,,20.69215
2022-01-14 14:09:00,61744,8.703434,8.56262,8.228053,8.046269,,20.68071
2022-01-14 14:10:00,61745,8.761546,8.67001,8.390135,8.150394,,20.67344
2022-01-14 14:11:00,61746,8.865091,8.785215,8.394323,7.949403,,20.64336
2022-01-14 14:12:00,61747,8.90716,8.791436,8.416443,7.927164,,20.63934
2022-01-14 14:13:00,61748,9.009129,8.842511,8.246117,8.449925,,20.6137
2022-01-14 14:14:00,61749,8.952469,8.840022,8.45444,8.144011,,20.64858
2022-01-14 14:15:00,61750,8.388206,8.307563,8.484563,8.194182,,20.64495
2022-01-14 14:16:00,61751,8.204888,8.17893,8.504034,8.109818,,20.65097
2022-01-14 14:17:00,61752,8.214907,8.210588,8.50852,8.199507,,20.64657
2022-01-14 14:18:00,61753,8.225796,8.249823,8.500016,8.179477,,20.64579
2022-01-14 14:19:00,61754,8.226393,8.208957,8.53217,8.259808,,20.65273
2022-01-14 14:20:00,61755,8.247818,8.231965,8.446373,8.317303,,20.65449
2022-01-14 14:21:00,61756,8.263526,8.266923,8.473699,8.305951,,20.6503
2022-01-14 14:22:00,61757,8.327195,8.29131,8.487568,8.304091,,20.63994
2022-01-14 14:23:00,61758,8.295165,8.24673,8.341366,8.409091,,20.63652
2022-01-14 14:24:00,61759,8.350735,8.304429,8.438928,8.297293,,20.63952
2022-01-14 14:25:00,61760,8.287788,8.28831,8.406641,8.24036,,20.63861
2022-01-14 14:26:00,61761,8.231802,8.23651,8.324609,8.150019,,20.63367
2022-01-14 14:27:00,61762,8.234836,8.200558,8.696424,8.698788,,20.64204
2022-01-14 14:28:00,61763,8.205142,8.236093,8.793431,8.737894,,20.64175
2022-01-14 14:29:00,61764,8.218638,8.210986,8.827161,8.963004,,20.64233
2022-01-14 14:30:00,61765,8.115869,8.117503,8.852042,8.739944,,20.62589
2022-01-14 14:31:00,61766,8.029105,7.936323,8.795243,8.967545,,20.64561
2022-01-14 14:32:00,61767,7.962349,7.949432,8.985898,9.047581,,20.68901
2022-01-14 14:33:00,61768,8.061834,8.045906,8.734518,8.825662,,20.5781
2022-01-14 14:34:00,61769,7.997368,7.995839,8.934688,8.749701,,20.63513
2022-01-14 14:35:00,61770,8.012842,8.029372,8.125781,8.027043,,20.63362
2022-01-14 14:36:00,61771,8.065022,8.046354,8.042214,8.093249,,20.62102
2022-01-14 14:37:00,61772,8.156205,8.068666,8.01731,8.21074,,20.61921
2022-01-14 14:38:00,61773,8.133868,8.232439,8.146619,7.735944,,20.60525
2022-01-14 14:39:00,61774,8.127935,8.312851,8.320491,7.402957,,20.61209
2022-01-14 14:40:00,61775,8.160993,8.311467,8.500153,7.649583,,20.61783
2022-01-14 14:41:00,61776,8.23249,8.291924,8.360144,8.445218,,20.63442
2022-01-14 14:42:00,61777,8.203557,8.21726,7.997384,8.194257,,20.60036
2022-01-14 14:43:00,61778,8.176594,8.112556,8.056075,8.50347,,20.64907
2022-01-14 14:44:00,61779,8.14646,8.343367,8.603882,7.595052,,20.6019
2022-01-14 14:45:00,61780,8.269721,8.139697,7.584081,8.657168,,20.57253
2022-01-14 14:46:00,61781,8.238047,8.162938,7.988353,8.485214,,20.62636
2022-01-14 14:47:00,61782,8.24437,8.201189,8.166045,8.194263,,20.59995
2022-01-14 14:48:00,61783,8.257953,8.287915,8.244352,8.047895,,20.59121
2022-01-14 14:49:00,61784,8.281985,8.166357,8.355482,8.793334,,20.65195
2022-01-14 14:50:00,61785,8.182921,8.212335,8.37861,8.279003,,20.61098
2022-01-14 14:51:00,61786,8.216029,8.072954,8.261421,8.480806,,20.62743
2022-01-14 14:52:00,61787,8.237192,8.193515,8.248194,8.361748,,20.59639
2022-01-14 14:53:00,61788,8.19181,8.237542,8.463636,8.204142,,20.62942
2022-01-14 14:54:00,61789,8.285902,8.301494,8.143304,8.211985,,20.57416
2022-01-14 14:55:00,61790,8.239847,8.290566,8.613535,8.308254,,20.66065
2022-01-14 14:56:00,61791,8.305127,8.210283,8.148962,8.430362,,20.61135
2022-01-14 14:57:00,61792,8.28033,8.186343,8.295455,8.511254,,20.63888
2022-01-14 14:58:00,61793,8.254992,8.299872,8.668268,8.449558,,20.68353
2022-01-14 14:59:00,61794,8.259551,8.365705,8.603546,7.977987,,20.66141
2022-01-14 15:00:00,61795,8.274579,8.319245,8.66627,8.35501,,20.66864
2022-01-14 15:03:00,61798,8.38888,8.321812,8.247906,8.555088,,20.6571
2022-01-14 15:04:00,61799,8.318975,8.34059,8.426923,8.327267,,20.68791
2022-01-14 15:05:00,61800,8.307835,8.374939,8.519787,8.319617,,20.70233
2022-01-14 15:06:00,61801,8.372485,8.339586,8.272655,8.221055,,20.71386
2022-01-14 15:07:00,61802,8.609034,8.474977,8.248793,8.453897,,20.73664
2022-01-14 15:08:00,61803,8.66254,8.643186,8.289659,8.211685,,20.73701
2022-01-14 15:09:00,61804,8.686576,8.66654,8.454656,8.164218,,20.74796
2022-01-14 15:10:00,61805,8.751073,8.616437,7.778053,8.601126,,20.74373
2022-01-14 15:11:00,61806,8.774244,8.545705,7.928861,8.720516,,20.77715
2022-01-14 15:12:00,61807,8.756854,8.681482,8.367245,8.1739,,20.7413
2022-01-14 15:13:00,61808,8.776102,8.661109,7.361116,8.687881,,20.71886
2022-01-14 15:14:00,61809,8.780951,8.750136,8.944731,8.28191,,20.78157
2022-01-14 15:15:00,61810,8.415609,8.475404,8.198286,8.244325,,20.76031
2022-01-14 15:16:00,61811,8.323776,8.300982,7.970459,8.61876,,20.76977
2022-01-14 15:17:00,61812,8.287325,8.381515,6.747921,8.551417,,20.71839
2022-01-14 15:18:00,61813,8.417086,8.316083,9.285534,8.559119,,20.79718
2022-01-14 15:19:00,61814,8.304316,8.39411,9.271894,8.044143,,20.83297
2022-01-14 15:20:00,61815,8.316553,8.285482,7.390175,8.551008,,20.75004
2022-01-14 15:21:00,61816,8.355358,8.265073,8.255589,8.503429,,20.78079
2022-01-14 15:22:00,61817,8.438053,8.455651,9.171774,8.059051,,20.81863
2022-01-14 15:23:00,61818,8.44956,8.374181,8.176913,8.584052,,20.76925
2022-01-14 15:24:00,61819,8.410772,8.387674,7.803288,8.57716,,20.7554
2022-01-14 15:25:00,61820,8.368049,8.394122,8.128477,8.245463,,20.75026
2022-01-14 15:26:00,61821,8.38202,8.264693,8.619502,8.424451,,20.7793
2022-01-14 15:27:00,61822,8.361793,8.265018,8.874273,8.876246,,20.77795
2022-01-14 15:28:00,61823,8.380326,8.300655,8.834817,9.024379,,20.74423
2022-01-14 15:29:00,61824,8.431583,8.609197,9.263004,8.420138,,20.7381
2022-01-14 15:30:00,61825,8.357193,8.391341,8.131008,9.026478,,20.6839
2022-01-14 15:31:00,61826,8.378335,8.235333,8.811417,8.970731,,20.76526
2022-01-14 15:32:00,61827,8.432027,8.450118,9.133558,8.611127,,20.75444
2022-01-14 15:33:00,61828,8.47025,8.157312,9.264714,9.535527,,20.81493
2022-01-14 15:34:00,61829,8.351501,8.402488,8.976409,8.594171,,20.76102
2022-01-14 15:35:00,61830,8.266461,8.301589,7.713229,8.56083,,20.6882
2022-01-14 15:36:00,61831,8.34355,8.429884,8.442849,8.012822,,20.72772
2022-01-14 15:37:00,61832,8.28083,8.232326,8.533016,7.993429,,20.74798
2022-01-14 15:38:00,61833,8.202809,8.14323,8.414879,8.216315,,20.74129
2022-01-14 15:39:00,61834,8.196082,8.151881,8.072508,8.354343,,20.72775
2022-01-14 15:40:00,61835,8.109817,8.07058,8.199008,8.105962,,20.72649
2022-01-14 15:41:00,61836,8.114498,7.965106,7.979259,8.254657,,20.71475
2022-01-14 15:42:00,61837,8.039258,7.942592,7.817075,8.117565,,20.70054
2022-01-14 15:43:00,61838,7.901046,7.837782,8.345785,7.604562,,20.72997
2022-01-14 15:44:00,61839,7.787739,7.785856,7.670326,7.757614,,20.68557
2022-01-14 15:45:00,61840,7.749384,7.652358,7.538144,7.854542,,20.67519
2022-01-14 15:46:00,61841,7.7851,7.657425,7.602332,7.769506,,20.66046
2022-01-14 15:47:00,61842,7.810018,7.869935,7.880544,7.575971,,20.67737
2022-01-14 15:48:00,61843,7.858075,7.794047,7.927271,7.787553,,20.73523
2022-01-14 15:49:00,61844,7.810446,7.829282,7.714869,7.49972,,20.73027
2022-01-14 15:50:00,61845,7.785288,7.932885,8.025873,7.290178,,20.78157
2022-01-14 15:51:00,61846,7.739074,7.848239,8.232745,7.336248,,20.79938
2022-01-14 15:52:00,61847,7.801581,7.644416,7.591995,7.806884,,20.7077
2022-01-14 15:53:00,61848,7.749612,7.727532,7.733814,7.352586,,20.74373
2022-01-14 15:54:00,61849,7.745353,7.602732,7.002909,7.922919,,20.67648
2022-01-14 15:55:00,61850,7.736405,7.583125,7.569958,7.910597,,20.70973
2022-01-14 15:56:00,61851,7.734267,7.614918,7.626667,7.795953,,20.70875
2022-01-14 15:57:00,61852,7.711364,7.693484,7.599472,7.506286,,20.7262
2022-01-14 15:58:00,61853,7.744543,7.662399,7.431086,7.72132,,20.71364
2022-01-14 15:59:00,61854,7.774249,7.594331,7.543532,8.032643,,20.71799
2022-01-14 16:00:00,61855,7.714455,7.801408,8.238974,7.377772,,20.7789
2022-01-14 16:03:00,61858,7.65325,7.739946,7.713981,7.423135,,20.72669
2022-01-14 16:04:00,61859,7.70161,7.650326,7.630738,7.708743,,20.72956
2022-01-14 16:05:00,61860,7.733146,7.64175,7.640355,7.763704,,20.72695
2022-01-14 16:06:00,61861,7.712559,7.73157,7.485051,7.574783,,20.71238
2022-01-14 16:07:00,61862,8.011171,7.922655,7.716185,7.7118,,20.72448
2022-01-14 16:08:00,61863,8.157696,7.920714,7.650297,7.826132,,20.74019
2022-01-14 16:09:00,61864,8.091229,8.136648,8.26627,7.744264,,20.76083
2022-01-14 16:10:00,61865,8.150772,7.877795,7.890553,7.979887,,20.73455
2022-01-14 16:11:00,61866,8.168421,7.916254,7.324019,8.025989,,20.71304
2022-01-14 16:12:00,61867,8.182174,8.238044,8.702707,7.495684,,20.79305
2022-01-14 16:13:00,61868,8.329207,8.107591,8.453916,7.768805,,20.7772
2022-01-14 16:14:00,61869,8.222964,8.068156,8.051936,7.981211,,20.74454
2022-01-14 16:15:00,61870,7.899961,8.033252,8.378923,7.640267,,20.77332
2022-01-14 16:16:00,61871,7.890542,7.934794,8.422338,7.709393,,20.78032
2022-01-14 16:17:00,61872,7.859937,7.900561,7.567526,7.66178,,20.71077
2022-01-14 16:18:00,61873,7.921659,7.736389,7.730855,7.961356,,20.71833
2022-01-14 16:19:00,61874,7.858539,7.926991,7.89595,7.744131,,20.73974
2022-01-14 16:20:00,61875,7.909688,7.856952,8.465673,8.150377,,20.78509
2022-01-14 16:21:00,61876,7.91365,7.788247,8.379496,8.358315,,20.76968
2022-01-14 16:22:00,61877,7.86155,8.087664,8.040119,7.247559,,20.74778
2022-01-14 16:23:00,61878,7.905715,7.703496,7.696036,8.305188,,20.68225
2022-01-14 16:24:00,61879,7.878043,7.942663,8.044958,7.762283,,20.74984
2022-01-14 16:25:00,61880,7.872214,7.776027,7.602603,8.047144,,20.6912
2022-01-14 16:26:00,61881,7.92646,7.661232,8.032434,8.418493,,20.70069
2022-01-14 16:27:00,61882,7.923865,7.77143,8.351257,8.343851,,20.71206
2022-01-14 16:28:00,61883,7.884902,7.693931,8.225415,8.343133,,20.70669
2022-01-14 16:29:00,61884,7.946734,7.759273,8.185064,8.360042,,20.71169
2022-01-14 16:30:00,61885,7.899014,7.684219,8.485901,8.749949,,20.73343
2022-01-14 16:31:00,61886,7.807348,7.79402,8.014199,8.102675,,20.69796
2022-01-14 16:32:00,61887,7.818606,7.737638,8.776567,8.381281,,20.77036
2022-01-14 16:33:00,61888,7.794897,7.76259,8.830866,8.595162,,20.77906
2022-01-14 16:34:00,61889,7.812219,7.505391,8.551473,8.936047,,20.72916
2022-01-14 16:35:00,61890,7.812733,7.804049,7.99943,7.957305,,20.74511
2022-01-14 16:36:00,61891,7.812869,7.488874,7.794573,8.049588,,20.67962
2022-01-14 16:37:00,61892,7.800253,7.632895,8.200136,8.323323,,20.74861
2022-01-14 16:38:00,61893,7.743693,7.41394,8.028681,8.348957,,20.72075
2022-01-14 16:39:00,61894,7.781291,7.40316,7.587964,7.976073,,20.6676
2022-01-14 16:40:00,61895,7.673769,7.710197,7.98088,7.621763,,20.73911
2022-01-14 16:41:00,61896,7.686676,7.597281,8.108262,8.080855,,20.74786
2022-01-14 16:42:00,61897,7.635457,7.631935,7.535605,7.528378,,20.70234
2022-01-14 16:43:00,61898,7.64781,7.667807,7.789157,7.67092,,20.73936
2022-01-14 16:44:00,61899,7.630118,7.701602,7.744557,7.633613,,20.72657
2022-01-14 16:45:00,61900,7.61185,7.573668,7.571904,7.669214,,20.71179
2022-01-14 16:46:00,61901,7.592771,7.741939,7.902347,7.22439,,20.76952
2022-01-14 16:47:00,61902,7.584478,7.703719,7.740544,7.341574,,20.73696
2022-01-14 16:48:00,61903,7.510024,7.564046,7.614536,7.46127,,20.70123
2022-01-14 16:49:00,61904,7.452898,7.689553,7.526586,7.024814,,20.73762
2022-01-14 16:50:00,61905,7.432871,7.394347,7.481822,7.694724,,20.70582
2022-01-14 16:51:00,61906,7.417023,7.455436,7.507326,7.447474,,20.73645
2022-01-14 16:52:00,61907,7.402774,7.495405,7.195296,7.186934,,20.70705
2022-01-14 16:53:00,61908,7.496919,7.629882,7.922416,7.159079,,20.8006
2022-01-14 16:54:00,61909,7.462576,7.577205,7.91585,7.40957,,20.78324
2022-01-14 16:55:00,61910,7.449857,7.197771,7.285642,7.676792,,20.69755
2022-01-14 16:56:00,61911,7.384057,7.453308,7.564264,7.232675,,20.71547
2022-01-14 16:57:00,61912,7.384496,7.23292,7.211837,7.858658,,20.71549
2022-01-14 16:58:00,61913,7.363259,7.563668,7.240224,7.165198,,20.69698
2022-01-14 16:59:00,61914,7.276662,7.461328,7.34859,7.448026,,20.70298
2022-01-14 17:00:00,61915,7.341187,7.314068,7.3428,7.579289,,20.72797
2022-01-14 17:03:00,61918,7.238749,7.273284,7.304091,7.363727,,20.72029
2022-01-14 17:04:00,61919,7.281877,7.418229,7.513494,7.225677,,20.72601
2022-01-14 17:05:00,61920,7.285886,7.323286,7.350411,7.351463,,20.72671
2022-01-14 17:06:00,61921,7.254261,7.283531,7.479671,7.312678,,20.74398
2022-01-14 17:07:00,61922,7.434363,7.437028,7.460038,7.419694,,20.74002
2022-01-14 17:08:00,61923,7.503956,7.470914,7.320753,7.367673,,20.71941
2022-01-14 17:09:00,61924,7.464325,7.530966,7.232346,7.254123,,20.69104
2022-01-14 17:10:00,61925,7.467253,7.367293,7.484948,7.522179,,20.77081
2022-01-14 17:11:00,61926,7.505226,7.353003,7.064037,7.594083,,20.72318
2022-01-14 17:12:00,61927,7.485222,7.502428,7.265445,7.261985,,20.7156
2022-01-14 17:13:00,61928,7.49489,7.566419,7.294875,6.89433,,20.6628
2022-01-14 17:14:00,61929,7.444858,7.319753,7.373471,7.825675,,20.76583
2022-01-14 17:15:00,61930,7.194322,7.068866,6.887088,7.684121,,20.72298
2022-01-14 17:16:00,61931,7.107542,6.915065,7.151753,7.717171,,20.76714
2022-01-14 17:17:00,61932,7.042847,6.893991,7.17643,7.318379,,20.77658
2022-01-14 17:18:00,61933,7.072439,7.028871,7.255126,7.078205,,20.73632
2022-01-14 17:19:00,61934,7.066366,7.112712,7.224368,6.687874,,20.67482
2022-01-14 17:20:00,61935,7.018451,7.065597,7.250717,6.744909,,20.69163
2022-01-14 17:21:00,61936,6.975095,6.798944,7.131167,7.554981,,20.77957
2022-01-14 17:22:00,61937,6.895741,6.862982,7.38661,7.631587,,20.78853
2022-01-14 17:23:00,61938,6.835451,6.744067,6.764269,7.349427,,20.7196
2022-01-14 17:24:00,61939,6.772707,6.85469,6.690103,6.559664,,20.65017
2022-01-14 17:25:00,61940,6.746694,6.637067,6.653489,7.241607,,20.71936
2022-01-14 17:26:00,61941,6.816025,6.886463,7.271543,6.858816,,20.76071
2022-01-14 17:27:00,61942,6.880151,6.770761,6.75972,6.994623,,20.70366
2022-01-14 17:28:00,61943,6.676163,6.945939,7.33639,6.714602,,20.7154
2022-01-14 17:29:00,61944,6.729532,6.925076,7.043952,6.49483,,20.67307
2022-01-14 17:30:00,61945,6.781789,6.666683,6.515534,7.284596,,20.68754
2022-01-14 17:31:00,61946,6.767393,6.808644,6.864855,6.764694,,20.7029
2022-01-14 17:32:00,61947,6.66972,6.729108,6.832943,6.795123,,20.71122
2022-01-14 17:33:00,61948,6.668873,6.74571,6.868517,6.855505,,20.70992
2022-01-14 17:34:00,61949,6.645376,6.687075,6.955353,6.62576,,20.69558
2022-01-14 17:35:00,61950,6.8144,6.749721,6.744262,6.599197,,20.69292
2022-01-14 17:36:00,61951,6.675025,6.719138,7.122611,7.061647,,20.75506
2022-01-14 17:37:00,61952,6.69493,6.431769,6.399856,7.005685,,20.73342
2022-01-14 17:38:00,61953,6.534018,6.43255,6.734652,7.143788,,20.77786
2022-01-14 17:39:00,61954,6.480182,6.693013,7.46164,6.054768,,20.72722
2022-01-14 17:40:00,61955,6.56585,6.787276,6.839403,6.116173,,20.66161
2022-01-14 17:41:00,61956,6.524479,6.565969,6.639234,6.723242,,20.73029
2022-01-14 17:42:00,61957,6.396952,6.474086,6.648779,6.49052,,20.70656
2022-01-14 17:43:00,61958,6.440454,6.482542,6.69293,6.930628,,20.7517
2022-01-14 17:44:00,61959,6.43921,6.416579,6.93402,7.037211,,20.75861
2022-01-14 17:45:00,61960,6.541883,6.630297,6.655859,6.090359,,20.67502
2022-01-14 17:46:00,61961,6.358512,6.426064,6.886223,6.91955,,20.73911
2022-01-14 17:47:00,61962,6.422449,6.348086,6.43753,6.908092,,20.74958
2022-01-14 17:48:00,61963,6.359354,6.650485,6.584276,6.025876,,20.6722
2022-01-14 17:49:00,61964,6.485774,6.443431,6.525839,6.529932,,20.68068
2022-01-14 17:50:00,61965,6.328766,6.538226,6.835821,6.378788,,20.71889
2022-01-14 17:51:00,61966,6.351015,6.374654,6.457209,6.426324,,20.70572
2022-01-14 17:52:00,61967,6.402715,6.427693,6.541707,6.640138,,20.70412
2022-01-14 17:53:00,61968,6.517694,6.566737,6.54603,6.444352,,20.68927
2022-01-14 17:54:00,61969,6.417873,6.436223,6.671736,6.613945,,20.7036
2022-01-14 17:55:00,61970,6.451886,6.419724,6.568474,6.517169,,20.69747
2022-01-14 17:56:00,61971,6.340856,6.517928,6.644767,6.166487,,20.68164
2022-01-14 17:57:00,61972,6.330849,6.305161,6.457586,6.530847,,20.69046
2022-01-14 17:58:00,61973,6.394809,6.486312,6.685606,6.442478,,20.70444
2022-01-14 17:59:00,61974,6.407308,6.437803,6.536876,6.565793,,20.69458
2022-01-14 18:00:00,61975,6.494841,6.525742,6.511708,6.573472,,20.67509
2022-01-14 18:03:00,61978,6.510304,6.55799,6.67006,6.628609,,20.6958
2022-01-14 18:04:00,61979,6.594049,6.556846,6.736674,6.795703,,20.69481
2022-01-14 18:05:00,61980,6.608189,6.635933,6.552217,6.532264,,20.64825
2022-01-14 18:06:00,61981,6.597032,6.583775,6.712226,6.804711,,20.69956
2022-01-14 18:07:00,61982,6.762618,6.748796,6.712499,6.786079,,20.6889
2022-01-14 18:08:00,61983,6.824927,6.869502,6.68225,6.653729,,20.68346
2022-01-14 18:09:00,61984,6.839091,6.869325,6.690169,6.497555,,20.68214
2022-01-14 18:10:00,61985,6.841493,6.681234,6.70494,6.504365,,20.67711
2022-01-14 18:11:00,61986,6.843307,6.806618,6.572054,6.555735,,20.6789
2022-01-14 18:12:00,61987,6.802747,6.819106,6.744075,6.33919,,20.71421
2022-01-14 18:13:00,61988,6.822809,6.725408,6.594414,6.856652,,20.71564
2022-01-14 18:14:00,61989,6.747238,6.777969,6.839792,6.784817,,20.73094
2022-01-14 18:15:00,61990,6.426575,6.532011,6.664509,6.732392,,20.71341
2022-01-14 18:16:00,61991,6.318092,6.12276,6.43386,6.866369,,20.73357
2022-01-14 18:17:00,61992,6.190122,6.261068,6.749406,6.923754,,20.73224
2022-01-14 18:18:00,61993,6.248024,6.439399,6.521364,6.150957,,20.68124
2022-01-14 18:19:00,61994,6.162031,6.249923,6.048874,6.546622,,20.63442
2022-01-14 18:20:00,61995,6.001351,6.209124,6.26678,6.311842,,20.66742
2022-01-14 18:21:00,61996,6.021538,5.932782,6.375651,6.677992,,20.72872
2022-01-14 18:22:00,61997,6.019124,5.919014,6.478117,6.728907,,20.73279
2022-01-14 18:23:00,61998,5.908496,6.223155,6.431675,6.110064,,20.66985
2022-01-14 18:24:00,61999,6.042949,6.032194,6.132489,6.74348,,20.69897
2022-01-14 18:25:00,62000,6.026408,6.251666,6.503736,6.153258,,20.68125
2022-01-14 18:26:00,62001,6.195483,6.233771,6.264509,6.418941,,20.64758
2022-01-14 18:27:00,62002,5.974584,6.205954,6.497957,6.249718,,20.67225
2022-01-14 18:28:00,62003,5.916968,6.362094,6.453464,5.700464,,20.62705
2022-01-14 18:29:00,62004,6.01617,6.150526,6.185812,6.478229,,20.67647
2022-01-14 18:30:00,62005,5.997516,6.120061,6.336815,6.248466,,20.66932
2022-01-14 18:31:00,62006,6.001691,6.197235,6.242258,6.299741,,20.66612
2022-01-14 18:32:00,62007,5.88448,6.082658,6.244009,6.231871,,20.67926
2022-01-14 18:33:00,62008,5.886071,5.981428,6.286293,6.374684,,20.69149
2022-01-14 18:34:00,62009,5.958827,6.173858,6.150164,5.837582,,20.65297
2022-01-14 18:35:00,62010,5.973735,6.100947,5.894589,6.139297,,20.61948
2022-01-14 18:36:00,62011,5.999354,6.132599,6.01715,5.779602,,20.63675
2022-01-14 18:37:00,62012,5.997097,6.168104,6.2509,5.903715,,20.66875
2022-01-14 18:38:00,62013,6.011849,6.168631,6.178089,6.052663,,20.66337
2022-01-14 18:39:00,62014,5.94153,6.13901,6.173019,6.355486,,20.67065
2022-01-14 18:40:00,62015,5.821085,6.117643,6.241478,6.229042,,20.68099
2022-01-14 18:41:00,62016,6.04573,6.199892,6.231287,6.073127,,20.66136
2022-01-14 18:42:00,62017,5.896836,6.09466,6.24707,6.17328,,20.65894
2022-01-14 18:43:00,62018,5.874238,6.131938,6.418139,5.979123,,20.67891
2022-01-14 18:44:00,62019,6.00841,6.09696,5.976168,6.081503,,20.64408
2022-01-14 18:45:00,62020,6.017828,6.246653,6.406856,5.964195,,20.66528
2022-01-14 18:46:00,62021,6.037465,6.208275,6.419562,6.042291,,20.65702
2022-01-14 18:47:00,62022,6.072322,6.157006,6.27921,6.309361,,20.6487
2022-01-14 18:48:00,62023,5.943591,6.213875,6.274473,5.871497,,20.66076
2022-01-14 18:49:00,62024,6.047424,6.072519,5.942297,6.353765,,20.63631
2022-01-14 18:50:00,62025,6.221072,6.056483,6.342673,6.776212,,20.7147
2022-01-14 18:51:00,62026,5.947276,6.290083,6.597104,5.765855,,20.66232
2022-01-14 18:52:00,62027,5.940164,6.179418,6.26254,5.746212,,20.62662
2022-01-14 18:53:00,62028,6.085722,6.212629,6.666276,6.403093,,20.68704
2022-01-14 18:54:00,62029,5.963133,6.069375,6.135742,6.239113,,20.61098
2022-01-14 18:55:00,62030,5.778724,6.145349,6.287456,5.607413,,20.60694
2022-01-14 18:56:00,62031,5.783361,6.165549,6.168035,5.460063,,20.59267
2022-01-14 18:57:00,62032,5.775832,5.786093,6.345301,6.572205,,20.70758
2022-01-14 18:58:00,62033,5.617043,5.95865,6.267326,6.066691,,20.69013
2022-01-14 18:59:00,62034,5.814356,6.150523,6.1381,5.558771,,20.61601
2022-01-14 19:00:00,62035,5.829022,5.96234,6.142565,6.138176,,20.67103
2022-01-14 19:03:00,62038,5.76967,5.801424,6.160133,6.035623,,20.676
2022-01-14 19:04:00,62039,5.920461,5.95289,6.046036,6.012012,,20.63834
2022-01-14 19:05:00,62040,5.828504,5.877095,5.991227,5.955339,,20.66517
2022-01-14 19:06:00,62041,5.788634,5.954352,6.06313,5.838027,,20.66724
2022-01-14 19:07:00,62042,5.902689,5.970992,6.082506,5.883977,,20.65857
2022-01-14 19:08:00,62043,5.866564,6.060254,6.234195,5.992361,,20.65684
2022-01-14 19:09:00,62044,5.891366,5.968527,6.252214,6.214618,,20.66243
2022-01-14 19:10:00,62045,5.887985,5.995093,6.43164,6.332953,,20.67544
2022-01-14 19:11:00,62046,5.940588,6.088556,6.202668,6.012512,,20.62716
2022-01-14 19:12:00,62047,5.981587,5.967353,6.075881,6.15184,,20.62229
2022-01-14 19:13:00,62048,5.909006,6.123947,6.317998,5.739891,,20.65705
2022-01-14 19:14:00,62049,5.928455,6.049848,6.089567,5.824883,,20.62784
2022-01-14 19:15:00,62050,5.808898,5.846099,5.717675,5.908187,,20.60045
2022-01-14 19:16:00,62051,5.846252,5.92496,6.118436,5.85625,,20.64006
2022-01-14 19:17:00,62052,5.969227,5.921216,5.989466,6.142118,,20.64203
2022-01-14 19:18:00,62053,6.246132,6.2992,6.250225,6.031668,,20.62155
2022-01-14 19:19:00,62054,6.222666,6.316309,6.404365,6.20738,,20.62671
2022-01-14 19:20:00,62055,6.128919,6.143192,6.274056,6.349046,,20.62617
2022-01-14 19:21:00,62056,6.102218,6.229396,6.341229,6.03866,,20.62331
2022-01-14 19:22:00,62057,5.986024,6.130607,6.26699,5.930041,,20.60846
2022-01-14 19:23:00,62058,5.919097,6.22582,6.328447,5.574161,,20.59458
2022-01-14 19:24:00,62059,5.937103,6.012029,6.150182,6.119724,,20.61317
2022-01-14 19:25:00,62060,5.966431,6.016016,6.217777,6.188529,,20.62983
2022-01-14 19:26:00,62061,6.006095,6.140309,6.240781,6.037982,,20.59943
2022-01-14 19:27:00,62062,6.029078,5.993324,6.067939,6.106554,,20.61355
2022-01-14 19:28:00,62063,5.990891,6.057406,5.966434,6.000937,,20.60045
2022-01-14 19:29:00,62064,6.2291,6.274556,6.014403,5.991168,,20.59844
2022-01-14 19:30:00,62065,6.143476,6.395786,6.08328,5.798543,,20.58178
2022-01-14 19:31:00,62066,6.144523,6.290849,6.135895,5.94058,,20.60409
2022-01-14 19:32:00,62067,6.220415,6.345824,6.120079,6.062663,,20.57332
2022-01-14 19:33:00,62068,6.318833,6.384522,6.251195,6.165953,,20.60906
2022-01-14 19:34:00,62069,6.371149,6.510138,6.363108,5.929741,,20.57787
2022-01-14 19:35:00,62070,6.421805,6.498548,6.597332,6.376436,,20.58618
2022-01-14 19:36:00,62071,6.47936,6.528989,6.578968,6.591498,,20.5813
2022-01-14 19:37:00,62072,6.537551,6.597657,6.707519,6.607387,,20.57296
2022-01-14 19:38:00,62073,6.516458,6.621938,6.842551,6.54722,,20.5871
2022-01-14 19:39:00,62074,6.589498,6.656105,6.687554,6.366218,,20.54999
2022-01-14 19:40:00,62075,6.609696,6.685307,6.895395,6.640048,,20.5727
2022-01-14 19:41:00,62076,6.615029,6.649539,6.885472,6.650287,,20.56839
2022-01-14 19:42:00,62077,6.574438,6.639359,6.872591,6.612518,,20.56884
2022-01-14 19:43:00,62078,6.554744,6.630979,6.682268,6.410424,,20.55005
2022-01-14 19:44:00,62079,6.55087,6.527984,6.685443,6.78395,,20.58034
2022-01-14 19:45:00,62080,6.482909,6.546542,6.699536,6.479223,,20.5786
2022-01-14 19:46:00,62081,6.419867,6.506835,6.672346,6.498344,,20.57399
2022-01-14 19:47:00,62082,6.366507,6.373554,6.593251,6.49829,,20.58684
2022-01-14 19:48:00,62083,6.22648,6.284399,6.515426,6.284014,,20.58906
2022-01-14 19:49:00,62084,6.091555,6.202856,6.34314,6.194418,,20.57748
2022-01-14 19:50:00,62085,6.014386,6.232859,6.659162,5.734748,,20.58899
2022-01-14 19:51:00,62086,6.043816,6.061955,6.373055,6.066367,,20.58375
2022-01-14 19:52:00,62087,5.975789,5.953328,6.210549,6.436051,,20.60784
2022-01-14 19:53:00,62088,5.933481,6.060382,6.332613,5.967031,,20.59343
2022-01-14 19:54:00,62089,5.994922,6.048073,6.224555,,,20.59405
2022-01-14 19:55:00,62090,5.897204,5.966342,6.088085,5.881843,,20.61446
2022-01-14 19:56:00,62091,5.783981,5.927782,6.043139,5.594946,,20.6139
2022-01-14 19:57:00,62092,5.590713,5.822188,6.076567,5.350905,,20.59091
2022-01-14 19:58:00,62093,5.476736,5.559718,5.853086,5.700192,,20.60666
2022-01-14 19:59:00,62094,5.398143,5.469509,5.911988,5.780417,,20.64185
2022-01-14 20:00:00,62095,5.587248,5.589394,5.785642,5.602028,,20.63659
2022-01-14 20:03:00,62098,5.555639,5.640275,5.818005,5.696469,,20.62372
2022-01-14 20:04:00,62099,5.729769,5.824196,6.050682,5.685161,,20.64289
2022-01-14 20:05:00,62100,5.603202,5.683205,5.908843,5.820429,,20.61213
2022-01-14 20:06:00,62101,5.776494,5.795468,5.890393,5.75411,,20.61861
2022-01-14 20:07:00,62102,5.921053,5.933471,6.14152,5.914055,,20.63544
2022-01-14 20:08:00,62103,5.922189,6.036201,5.899273,5.531,,20.6116
2022-01-14 20:09:00,62104,5.96834,5.948808,5.896167,5.935522,,20.62014
2022-01-14 20:10:00,62105,5.925979,6.066316,5.918837,5.598507,,20.61048
2022-01-14 20:11:00,62106,5.948015,5.926163,5.589276,5.83328,,20.61723
2022-01-14 20:12:00,62107,5.89297,5.897271,6.063929,5.965134,,20.65118
2022-01-14 20:13:00,62108,5.867298,5.991979,6.04077,5.720932,,20.62419
2022-01-14 20:14:00,62109,5.877892,5.927899,5.981318,5.821492,,20.60956
2022-01-14 20:15:00,62110,5.752515,5.859846,6.118884,6.021474,,20.62634
2022-01-14 20:16:00,62111,5.710356,5.754916,5.812799,5.781595,,20.59803
2022-01-14 20:17:00,62112,5.581985,5.610335,5.924994,6.200118,,20.66875
2022-01-14 20:18:00,62113,5.574922,5.577073,5.847751,6.19801,,20.63976
2022-01-14 20:19:00,62114,5.542237,5.712903,5.896585,5.808553,,20.61049
2022-01-14 20:20:00,62115,5.466063,5.747625,5.897586,5.682874,,20.61076
2022-01-14 20:21:00,62116,5.772986,5.826106,5.981573,5.907112,,20.60081
2022-01-14 20:22:00,62117,5.804112,5.856567,6.382556,6.322873,,20.65792
2022-01-14 20:23:00,62118,6.029837,6.068895,6.2203,5.928274,,20.60207
2022-01-14 20:24:00,62119,5.875365,5.968971,6.129884,6.099838,,20.59879
2022-01-14 20:25:00,62120,5.827582,6.099169,6.147532,5.620064,,20.57368
2022-01-14 20:26:00,62121,5.7779,5.942686,6.051145,5.837619,,20.60812
2022-01-14 20:27:00,62122,5.720601,5.989872,6.116501,5.638377,,20.61771
2022-01-14 20:28:00,62123,5.623876,5.761872,5.848552,5.966853,,20.6182
2022-01-14 20:29:00,62124,5.729499,5.944709,5.820868,5.390162,,20.5639
2022-01-14 20:30:00,62125,5.6008,5.693075,5.770326,5.960112,,20.62685
2022-01-14 20:31:00,62126,5.469041,5.710804,5.419228,5.690924,,20.59537
2022-01-14 20:32:00,62127,5.551507,5.591538,5.71895,5.766097,,20.60653
2022-01-14 20:33:00,62128,5.69284,5.740045,5.755696,5.756389,,20.61132
2022-01-14 20:34:00,62129,5.568346,5.660809,5.802271,5.836219,,20.62818
2022-01-14 20:35:00,62130,5.527236,5.727505,5.960534,5.617976,,20.61359
2022-01-14 20:36:00,62131,5.602809,5.774428,5.912338,5.656239,,20.58558
2022-01-14 20:37:00,62132,5.693048,5.766981,5.799395,5.751686,,20.5936
2022-01-14 20:38:00,62133,5.675909,5.766222,5.84457,5.563543,,20.59191
2022-01-14 20:39:00,62134,5.601779,5.841865,5.792951,5.464453,,20.58886
2022-01-14 20:40:00,62135,5.528601,5.602271,5.923982,5.854937,,20.63353
2022-01-14 20:41:00,62136,5.643803,5.635723,5.888082,5.931637,,20.61645
2022-01-14 20:42:00,62137,5.551236,5.670388,5.758406,5.789408,,20.58952
2022-01-14 20:43:00,62138,5.414597,5.618228,5.754327,5.645258,,20.58435
2022-01-14 20:44:00,62139,5.516505,5.659457,5.894203,5.57225,,20.60743
2022-01-14 20:45:00,62140,5.4973,5.541943,5.862573,6.080519,,20.65479
2022-01-14 20:46:00,62141,5.401269,5.590756,5.765491,5.690301,,20.60367
2022-01-14 20:47:00,62142,5.452251,5.546319,5.972727,5.740613,,20.62812
2022-01-14 20:48:00,62143,5.408994,5.477866,5.608393,5.755607,,20.5993
2022-01-14 20:49:00,62144,5.451611,5.586286,5.628483,5.557775,,20.57079
2022-01-14 20:50:00,62145,5.546435,5.688581,5.85826,5.528836,,20.60628
2022-01-14 20:51:00,62146,5.739635,5.769239,5.906719,5.815046,,20.60221
2022-01-14 20:52:00,62147,5.77352,5.817873,6.005719,5.819183,,20.58911
2022-01-14 20:53:00,62148,5.860469,5.904628,5.973851,5.849699,,20.57003
2022-01-14 20:54:00,62149,5.835542,5.94285,6.175842,5.700841,,20.58287
2022-01-14 20:55:00,62150,5.851595,5.988929,6.016109,5.748364,,20.57083
2022-01-14 20:56:00,62151,5.996151,5.92698,6.158574,5.883532,,20.56956
2022-01-14 20:57:00,62152,5.948104,6.012278,6.135111,6.211836,,20.57529
2022-01-14 20:58:00,62153,5.97644,6.048745,6.128902,5.957628,,20.5595
2022-01-14 20:59:00,62154,5.906793,6.04129,6.09495,6.081239,,20.5687
2022-01-14 21:00:00,62155,5.95007,6.028335,6.186081,6.012924,,20.57924
2022-01-14 21:03:00,62158,6.075946,6.229469,6.260026,6.032697,,20.57426
2022-01-14 21:04:00,62159,6.197937,6.155442,6.431302,6.235103,,20.58504
2022-01-14 21:05:00,62160,6.153826,6.158298,6.440811,6.182445,,20.58747
2022-01-14 21:06:00,62161,6.108309,6.297976,6.39123,6.017586,,20.59027
2022-01-14 21:07:00,62162,6.255915,6.397141,6.456517,5.878695,,20.58627
2022-01-14 21:08:00,62163,6.353491,6.344192,6.281583,6.192827,,20.58987
2022-01-14 21:09:00,62164,6.355379,6.417183,6.172918,5.945862,,20.59493
2022-01-14 21:10:00,62165,6.391056,6.345588,6.128438,6.143369,,20.60372
2022-01-14 21:11:00,62166,6.388516,6.448822,6.077506,5.913911,,20.56117
2022-01-14 21:12:00,62167,6.381561,6.375501,5.887053,6.122136,,20.5749
2022-01-14 21:13:00,62168,6.394693,6.356623,5.813903,6.038556,,20.57897
2022-01-14 21:14:00,62169,6.303501,6.479829,5.706849,5.3509,,20.52835
2022-01-14 21:15:00,62170,5.831516,5.966467,6.04992,5.210088,,20.59178
2022-01-14 21:16:00,62171,5.584105,5.867793,5.802003,5.299796,,20.55051
2022-01-14 21:17:00,62172,5.597756,5.545153,5.712832,5.81046,,20.60616
2022-01-14 21:18:00,62173,5.469932,5.470795,5.763346,5.890728,,20.60789
2022-01-14 21:19:00,62174,5.389535,5.43951,5.636374,5.612873,,20.57776
2022-01-14 21:20:00,62175,5.295496,5.434598,5.576282,5.278235,,20.58199
2022-01-14 21:21:00,62176,5.186023,5.393182,5.454412,5.10325,,20.55914
2022-01-14 21:22:00,62177,5.22058,5.276798,5.647088,5.083579,,20.63831
2022-01-14 21:23:00,62178,5.118909,5.167975,5.242876,5.381871,,20.58155
2022-01-14 21:24:00,62179,5.032815,5.221593,5.198457,4.969375,,20.56709
2022-01-14 21:25:00,62180,4.971855,5.089945,5.552969,5.236115,,20.60815
2022-01-14 21:26:00,62181,5.106237,5.057707,5.316316,5.36144,,20.59255
2022-01-14 21:27:00,62182,5.17019,5.280644,5.555179,5.597358,,20.58474
2022-01-14 21:28:00,62183,5.304651,5.359972,5.669223,5.689842,,20.60192
2022-01-14 21:29:00,62184,5.37956,5.570894,5.747605,5.503776,,20.58838
2022-01-14 21:30:00,62185,5.492965,5.45566,5.580955,5.906228,,20.58727
2022-01-14 21:31:00,62186,5.451034,5.480936,5.960513,5.361901,,20.60234
2022-01-14 21:32:00,62187,5.512554,5.557378,6.027182,5.612658,,20.63109
2022-01-14 21:33:00,62188,5.528553,5.580861,6.030267,6.008073,,20.64431
2022-01-14 21:34:00,62189,5.569038,5.588137,5.915458,5.935074,,20.60652
2022-01-14 21:35:00,62190,5.553635,5.482446,5.469024,5.871634,,20.6024
2022-01-14 21:36:00,62191,5.624269,5.452859,5.767871,5.986808,,20.64028
2022-01-14 21:37:00,62192,5.554645,5.690811,5.565194,5.538098,,20.5618
2022-01-14 21:38:00,62193,5.568347,5.772911,5.833426,5.173828,,20.57607
2022-01-14 21:39:00,62194,5.712951,5.599622,5.83743,5.837699,,20.61826
2022-01-14 21:40:00,62195,5.594119,5.833177,5.970644,5.212234,,20.57267
2022-01-14 21:41:00,62196,5.643904,5.729499,5.82276,5.7937,,20.59762
2022-01-14 21:42:00,62197,5.616644,5.721467,5.640923,5.807871,,20.56
2022-01-14 21:43:00,62198,5.634397,5.743272,5.854726,5.598309,,20.59008
2022-01-14 21:44:00,62199,5.639635,5.809011,5.798657,5.733165,,20.57672
2022-01-14 21:45:00,62200,5.56814,5.833014,5.868457,5.162522,,20.56973
2022-01-14 21:46:00,62201,5.596586,5.773662,5.949117,5.654023,,20.6225
2022-01-14 21:47:00,62202,5.603979,5.785495,5.994761,5.216156,,20.61506
2022-01-14 21:48:00,62203,5.656634,5.808766,5.786355,5.728168,,20.58685
2022-01-14 21:49:00,62204,5.660121,5.842894,5.677754,5.535632,,20.57099
2022-01-14 21:50:00,62205,5.712296,5.741143,5.902297,5.89482,,20.58801
2022-01-14 21:51:00,62206,5.723176,5.741259,6.056557,5.806773,,20.62294
2022-01-14 21:52:00,62207,5.696804,5.836945,5.886275,5.551405,,20.5729
2022-01-14 21:53:00,62208,5.65486,5.933853,5.860458,5.342187,,20.54466
2022-01-14 21:54:00,62209,5.732537,5.849779,5.926417,5.513761,,20.56049
2022-01-14 21:55:00,62210,5.724374,5.78354,6.003106,5.695198,,20.60797
2022-01-14 21:56:00,62211,5.680966,5.781271,5.840109,5.757289,,20.58147
2022-01-14 21:57:00,62212,5.673253,5.68579,5.813901,5.956951,,20.59604
2022-01-14 21:58:00,62213,5.669248,5.838469,5.863778,5.561681,,20.58564
2022-01-14 21:59:00,62214,5.729813,5.78407,5.680521,5.849353,,20.56866
2022-01-14 22:00:00,62215,5.66953,5.936838,5.831022,5.378271,,20.56079
2022-01-14 22:03:00,62218,5.786355,5.919596,5.996476,5.922468,,20.60035
2022-01-14 22:04:00,62219,5.841601,5.921786,6.04142,5.992686,,20.58997
2022-01-14 22:05:00,62220,5.860616,5.895642,6.187522,5.883159,,20.59333
2022-01-14 22:06:00,62221,5.857146,5.924607,6.169707,5.960454,,20.59877
2022-01-14 22:07:00,62222,6.155793,6.212221,5.996206,5.808178,,20.57547
2022-01-14 22:08:00,62223,6.245133,6.287067,6.057762,5.89132,,20.57442
2022-01-14 22:09:00,62224,6.300507,6.228787,6.122711,6.159402,,20.57809
2022-01-14 22:10:00,62225,6.311602,6.345543,6.168427,6.01616,,20.57258
2022-01-14 22:11:00,62226,6.128623,6.431426,6.951139,5.524776,,20.60793
2022-01-14 22:12:00,62227,6.346594,6.37176,6.297282,5.954211,,20.58862
2022-01-14 22:13:00,62228,6.339172,6.460375,6.006213,5.844202,,20.53995
2022-01-14 22:14:00,62229,6.313416,6.510558,6.358407,5.567915,,20.58403
2022-01-14 22:15:00,62230,6.054506,6.058901,6.315735,5.981451,,20.61982
2022-01-14 22:16:00,62231,6.00418,5.877786,6.372437,6.371166,,20.6287
2022-01-14 22:17:00,62232,5.915658,6.069621,6.217669,5.778419,,20.57627
2022-01-14 22:18:00,62233,5.944803,6.128054,6.420627,5.339099,,20.59252
2022-01-14 22:19:00,62234,5.958355,6.080503,6.204609,5.918962,,20.58479
2022-01-14 22:20:00,62235,5.91608,5.984085,6.199012,5.979953,,20.59352
2022-01-14 22:21:00,62236,5.958704,5.969356,6.150464,5.897204,,20.58111
2022-01-14 22:22:00,62237,5.916534,5.983876,6.084559,5.911105,,20.57412
2022-01-14 22:23:00,62238,5.874902,6.026502,6.106499,5.865365,,20.57568
2022-01-14 22:24:00,62239,5.916685,5.983006,6.028925,5.864386,,20.5791
2022-01-14 22:25:00,62240,5.861021,6.061054,6.231736,5.596454,,20.59176
2022-01-14 22:26:00,62241,5.862068,5.913992,6.121418,6.118454,,20.58939
2022-01-14 22:27:00,62242,5.866417,5.946599,6.381953,6.380029,,20.58441
2022-01-14 22:28:00,62243,5.88975,5.934052,6.43891,6.52125,,20.56609
2022-01-14 22:29:00,62244,5.884103,5.990187,6.408207,6.378097,,20.56621
2022-01-14 22:30:00,62245,5.8474,5.957764,6.636271,6.385647,,20.60284
2022-01-14 22:31:00,62246,5.902883,5.901137,6.374746,6.538755,,20.5826
2022-01-14 22:32:00,62247,5.863752,5.893403,6.482915,6.528472,,20.59601
2022-01-14 22:33:00,62248,5.879115,5.960461,6.456367,6.514224,,20.58603
2022-01-14 22:34:00,62249,5.872087,5.962091,6.427068,6.272974,,20.58402
2022-01-14 22:35:00,62250,5.868239,5.996305,6.074777,5.780641,,20.57127
2022-01-14 22:36:00,62251,5.901484,6.295671,6.150832,5.822079,,20.5621
2022-01-14 22:37:00,62252,5.972653,5.89966,6.026905,6.113479,,20.58075
2022-01-14 22:38:00,62253,5.917796,6.131526,5.853507,5.982193,,20.56687
2022-01-14 22:39:00,62254,5.920392,6.033071,5.946068,5.938254,,20.55001
2022-01-14 22:40:00,62255,5.934537,6.033152,5.918046,6.286457,,20.57893
2022-01-14 22:41:00,62256,5.937391,5.840806,6.110804,6.178628,,20.60998
2022-01-14 22:42:00,62257,5.910439,5.971504,6.344297,6.011718,,20.62058
2022-01-14 22:43:00,62258,5.827242,6.055049,6.111514,5.840779,,20.57047
2022-01-14 22:44:00,62259,5.631685,6.016814,6.123248,5.827892,,20.57516
2022-01-14 22:45:00,62260,6.07422,5.987845,6.292462,5.904797,,20.61625
2022-01-14 22:46:00,62261,5.885572,5.957201,5.925256,6.074554,,20.55764
2022-01-14 22:47:00,62262,5.869412,5.92884,6.000911,6.085083,,20.58905
2022-01-14 22:48:00,62263,5.880332,5.936351,5.917742,6.002118,,20.58153
2022-01-14 22:49:00,62264,5.862488,5.872075,6.019265,6.010207,,20.61747
2022-01-14 22:50:00,62265,5.898893,5.791303,6.061083,6.132756,,20.64212
2022-01-14 22:51:00,62266,5.872099,5.813865,5.796336,6.164214,,20.59228
2022-01-14 22:52:00,62267,5.837224,5.908173,6.053779,5.773256,,20.60654
2022-01-14 22:53:00,62268,5.82577,5.814776,5.903049,6.216559,,20.62015
2022-01-14 22:54:00,62269,5.817126,5.826655,5.967368,5.968757,,20.62391
2022-01-14 22:55:00,62270,5.81891,5.976023,6.035543,5.489217,,20.59042
2022-01-14 22:56:00,62271,5.751703,6.007761,5.901756,5.580573,,20.56041
2022-01-14 22:57:00,62272,5.838289,5.809667,5.752019,5.936674,,20.58263
2022-01-14 22:58:00,62273,5.788944,5.876073,5.736041,5.843654,,20.58893
2022-01-14 22:59:00,62274,5.802333,5.801649,5.982254,5.955174,,20.63068
2022-01-14 23:00:00,62275,5.760753,5.830057,5.609572,5.513729,,20.64163
2022-01-14 23:03:00,62278,5.795545,5.804142,5.873118,5.972694,,20.54746
2022-01-14 23:04:00,62279,5.777537,5.85187,6.092059,5.892503,,20.63052
2022-01-14 23:05:00,62280,5.744253,5.836734,6.006173,5.869913,,20.61674
2022-01-14 23:06:00,62281,5.829551,5.900598,5.973473,5.858297,,20.59739
2022-01-14 23:07:00,62282,6.182607,6.182695,5.970966,5.915773,,20.61877
2022-01-14 23:08:00,62283,6.194288,6.282653,5.967303,5.72976,,20.5914
2022-01-14 23:09:00,62284,6.240218,6.405733,6.021615,5.724633,,20.58862
2022-01-14 23:10:00,62285,6.278025,6.331336,6.008192,5.734198,,20.60689
2022-01-14 23:11:00,62286,6.331825,6.318151,6.064717,6.00231,,20.6222
2022-01-14 23:12:00,62287,6.314789,6.319638,5.732192,5.956518,,20.56646
2022-01-14 23:13:00,62288,6.356976,6.367066,5.936728,5.832198,,20.58054
2022-01-14 23:14:00,62289,6.352835,6.301079,5.827106,5.914323,,20.59953
2022-01-14 23:15:00,62290,5.967405,5.974443,5.899562,5.795075,,20.57673
2022-01-14 23:16:00,62291,5.902082,5.946611,6.00835,5.680154,,20.61046
2022-01-14 23:17:00,62292,5.836673,5.927356,5.911767,5.775699,,20.57281
2022-01-14 23:18:00,62293,5.811318,5.889637,6.070312,5.882378,,20.60037
2022-01-14 23:19:00,62294,5.833029,5.913739,5.988253,5.873419,,20.59162
2022-01-14 23:20:00,62295,5.825087,5.849314,6.008858,5.934,,20.62127
2022-01-14 23:21:00,62296,5.841614,5.936025,5.936333,5.919058,,20.58142
2022-01-14 23:22:00,62297,5.802095,5.926589,6.343265,5.789803,,20.59567
2022-01-14 23:23:00,62298,5.800367,5.81106,6.15343,5.907126,,20.62634
2022-01-14 23:24:00,62299,5.801117,5.891917,5.924925,5.757419,,20.56732
2022-01-14 23:25:00,62300,5.805982,5.879221,6.188382,5.992563,,20.61543
2022-01-14 23:26:00,62301,5.862855,5.944876,5.971673,6.074411,,20.58486
2022-01-14 23:27:00,62302,5.800654,5.891693,6.220245,,,20.58054
2022-01-14 23:28:00,62303,5.823634,5.844449,6.40093,6.248538,,20.59841
2022-01-14 23:29:00,62304,5.806279,5.967812,6.505527,6.15898,,20.60131
2022-01-14 23:30:00,62305,5.785483,5.926916,6.242478,,,20.57217
2022-01-14 23:31:00,62306,5.772196,5.943253,6.28232,6.566836,,20.5617
2022-01-14 23:32:00,62307,5.812208,5.933367,6.555387,6.416635,,20.60171
2022-01-14 23:33:00,62308,5.776241,5.880259,6.455495,6.458841,,20.60267
2022-01-14 23:34:00,62309,5.780309,5.918699,6.269966,6.456713,,20.56763
2022-01-14 23:35:00,62310,5.811995,5.911325,6.196945,5.992392,,20.62245
2022-01-14 23:36:00,62311,5.827207,5.889685,6.071086,5.903063,,20.60838
2022-01-14 23:37:00,62312,5.836629,5.942188,6.102232,5.879211,,20.59883
2022-01-14 23:38:00,62313,5.872894,5.978891,6.134355,5.954951,,20.59059
2022-01-14 23:39:00,62314,5.848417,5.950231,6.032066,5.977691,,20.5954
2022-01-14 23:40:00,62315,5.887952,5.932276,6.123909,5.889382,,20.6012
2022-01-14 23:41:00,62316,5.841198,5.951028,6.041541,5.820107,,20.60629
2022-01-14 23:42:00,62317,5.844789,5.955124,5.943312,5.983671,,20.57412
2022-01-14 23:43:00,62318,5.870372,5.936114,6.082178,6.01847,,20.61243
2022-01-14 23:44:00,62319,5.845805,5.997719,6.011955,5.870016,,20.59342
2022-01-14 23:45:00,62320,5.938936,5.997382,6.009221,5.932497,,20.60561
2022-01-14 23:46:00,62321,5.864212,5.985579,6.087314,5.981179,,20.60524
2022-01-14 23:47:00,62322,5.916776,5.991654,6.229684,6.112106,,20.60296
2022-01-14 23:48:00,62323,5.866069,5.971227,6.175087,6.032263,,20.60631
2022-01-14 23:49:00,62324,5.825423,5.957742,6.006164,6.031967,,20.51388
2022-01-14 23:50:00,62325,5.821424,5.91156,6.055656,5.914975,,20.62644
2022-01-14 23:51:00,62326,5.809129,5.977008,6.146535,5.673333,,20.60331
2022-01-14 23:52:00,62327,5.802751,5.979037,5.968522,5.773481,,20.57336
2022-01-14 23:53:00,62328,5.841953,5.948089,6.008399,5.96154,,20.59126
2022-01-14 23:54:00,62329,5.842944,5.938148,6.002368,5.942694,,20.58567
2022-01-14 23:55:00,62330,5.874415,5.964504,6.138192,5.966293,,20.61059
2022-01-14 23:56:00,62331,5.863433,5.954648,6.094295,5.944665,,20.59116
2022-01-14 23:57:00,62332,5.836033,5.953654,6.003748,6.042554,,20.58689
2022-01-14 23:58:00,62333,5.81598,5.974114,5.960714,5.807232,,20.6009
2022-01-14 23:59:00,62334,5.875647,5.924685,6.242508,6.004691,,20.61268
